--
-- PostgreSQL database dump
--

-- Dumped from database version 15.7
-- Dumped by pg_dump version 15.7

SET statement_timeout = 0;
SET lock_timeout = 0;
SET idle_in_transaction_session_timeout = 0;
SET client_encoding = 'UTF8';
SET standard_conforming_strings = on;
SELECT pg_catalog.set_config('search_path', '', false);
SET check_function_bodies = false;
SET xmloption = content;
SET client_min_messages = warning;
SET row_security = off;

--
-- Name: timescaledb; Type: EXTENSION; Schema: -; Owner: -
--

CREATE EXTENSION IF NOT EXISTS timescaledb WITH SCHEMA public;


--
-- Name: EXTENSION timescaledb; Type: COMMENT; Schema: -; Owner: 
--

COMMENT ON EXTENSION timescaledb IS 'Enables scalable inserts and complex queries for time-series data (Community Edition)';


SET default_tablespace = '';

SET default_table_access_method = heap;

--
-- Name: sensor_measurements; Type: TABLE; Schema: public; Owner: irrigation_user
--

CREATE TABLE public.sensor_measurements (
    id bigint NOT NULL,
    device_name character varying(100) NOT NULL,
    topic character varying(255),
    temperature double precision,
    humidity double precision,
    linkquality integer,
    battery integer,
    max_temperature double precision,
    min_temperature double precision,
    temperature_sensitivity double precision,
    temperature_calibration double precision,
    temperature_sampling integer,
    temperature_unit character varying(20),
    humidity_calibration double precision,
    soil_moisture double precision,
    soil_calibration double precision,
    soil_sampling integer,
    soil_warning integer,
    dry boolean,
    raw_data jsonb,
    "timestamp" timestamp with time zone DEFAULT CURRENT_TIMESTAMP NOT NULL,
    created_at timestamp with time zone DEFAULT CURRENT_TIMESTAMP NOT NULL
);


ALTER TABLE public.sensor_measurements OWNER TO irrigation_user;

--
-- Name: _hyper_2_1_chunk; Type: TABLE; Schema: _timescaledb_internal; Owner: irrigation_user
--

CREATE TABLE _timescaledb_internal._hyper_2_1_chunk (
    CONSTRAINT constraint_1 CHECK ((("timestamp" >= '2026-05-07 00:00:00+00'::timestamp with time zone) AND ("timestamp" < '2026-05-14 00:00:00+00'::timestamp with time zone)))
)
INHERITS (public.sensor_measurements);


ALTER TABLE _timescaledb_internal._hyper_2_1_chunk OWNER TO irrigation_user;

--
-- Name: auth_group; Type: TABLE; Schema: public; Owner: irrigation_user
--

CREATE TABLE public.auth_group (
    id integer NOT NULL,
    name character varying(150) NOT NULL
);


ALTER TABLE public.auth_group OWNER TO irrigation_user;

--
-- Name: auth_group_id_seq; Type: SEQUENCE; Schema: public; Owner: irrigation_user
--

ALTER TABLE public.auth_group ALTER COLUMN id ADD GENERATED BY DEFAULT AS IDENTITY (
    SEQUENCE NAME public.auth_group_id_seq
    START WITH 1
    INCREMENT BY 1
    NO MINVALUE
    NO MAXVALUE
    CACHE 1
);


--
-- Name: auth_group_permissions; Type: TABLE; Schema: public; Owner: irrigation_user
--

CREATE TABLE public.auth_group_permissions (
    id bigint NOT NULL,
    group_id integer NOT NULL,
    permission_id integer NOT NULL
);


ALTER TABLE public.auth_group_permissions OWNER TO irrigation_user;

--
-- Name: auth_group_permissions_id_seq; Type: SEQUENCE; Schema: public; Owner: irrigation_user
--

ALTER TABLE public.auth_group_permissions ALTER COLUMN id ADD GENERATED BY DEFAULT AS IDENTITY (
    SEQUENCE NAME public.auth_group_permissions_id_seq
    START WITH 1
    INCREMENT BY 1
    NO MINVALUE
    NO MAXVALUE
    CACHE 1
);


--
-- Name: auth_permission; Type: TABLE; Schema: public; Owner: irrigation_user
--

CREATE TABLE public.auth_permission (
    id integer NOT NULL,
    name character varying(255) NOT NULL,
    content_type_id integer NOT NULL,
    codename character varying(100) NOT NULL
);


ALTER TABLE public.auth_permission OWNER TO irrigation_user;

--
-- Name: auth_permission_id_seq; Type: SEQUENCE; Schema: public; Owner: irrigation_user
--

ALTER TABLE public.auth_permission ALTER COLUMN id ADD GENERATED BY DEFAULT AS IDENTITY (
    SEQUENCE NAME public.auth_permission_id_seq
    START WITH 1
    INCREMENT BY 1
    NO MINVALUE
    NO MAXVALUE
    CACHE 1
);


--
-- Name: auth_user; Type: TABLE; Schema: public; Owner: irrigation_user
--

CREATE TABLE public.auth_user (
    id integer NOT NULL,
    password character varying(128) NOT NULL,
    last_login timestamp with time zone,
    is_superuser boolean NOT NULL,
    username character varying(150) NOT NULL,
    first_name character varying(150) NOT NULL,
    last_name character varying(150) NOT NULL,
    email character varying(254) NOT NULL,
    is_staff boolean NOT NULL,
    is_active boolean NOT NULL,
    date_joined timestamp with time zone NOT NULL
);


ALTER TABLE public.auth_user OWNER TO irrigation_user;

--
-- Name: auth_user_groups; Type: TABLE; Schema: public; Owner: irrigation_user
--

CREATE TABLE public.auth_user_groups (
    id bigint NOT NULL,
    user_id integer NOT NULL,
    group_id integer NOT NULL
);


ALTER TABLE public.auth_user_groups OWNER TO irrigation_user;

--
-- Name: auth_user_groups_id_seq; Type: SEQUENCE; Schema: public; Owner: irrigation_user
--

ALTER TABLE public.auth_user_groups ALTER COLUMN id ADD GENERATED BY DEFAULT AS IDENTITY (
    SEQUENCE NAME public.auth_user_groups_id_seq
    START WITH 1
    INCREMENT BY 1
    NO MINVALUE
    NO MAXVALUE
    CACHE 1
);


--
-- Name: auth_user_id_seq; Type: SEQUENCE; Schema: public; Owner: irrigation_user
--

ALTER TABLE public.auth_user ALTER COLUMN id ADD GENERATED BY DEFAULT AS IDENTITY (
    SEQUENCE NAME public.auth_user_id_seq
    START WITH 1
    INCREMENT BY 1
    NO MINVALUE
    NO MAXVALUE
    CACHE 1
);


--
-- Name: auth_user_user_permissions; Type: TABLE; Schema: public; Owner: irrigation_user
--

CREATE TABLE public.auth_user_user_permissions (
    id bigint NOT NULL,
    user_id integer NOT NULL,
    permission_id integer NOT NULL
);


ALTER TABLE public.auth_user_user_permissions OWNER TO irrigation_user;

--
-- Name: auth_user_user_permissions_id_seq; Type: SEQUENCE; Schema: public; Owner: irrigation_user
--

ALTER TABLE public.auth_user_user_permissions ALTER COLUMN id ADD GENERATED BY DEFAULT AS IDENTITY (
    SEQUENCE NAME public.auth_user_user_permissions_id_seq
    START WITH 1
    INCREMENT BY 1
    NO MINVALUE
    NO MAXVALUE
    CACHE 1
);


--
-- Name: devices; Type: TABLE; Schema: public; Owner: irrigation_user
--

CREATE TABLE public.devices (
    id integer NOT NULL,
    zigbee_id character varying(100) NOT NULL,
    name character varying(120) NOT NULL,
    device_type character varying(40) NOT NULL,
    greenhouse_id integer NOT NULL,
    active boolean NOT NULL,
    notes text NOT NULL,
    created_at timestamp with time zone NOT NULL,
    updated_at timestamp with time zone NOT NULL
);


ALTER TABLE public.devices OWNER TO irrigation_user;

--
-- Name: devices_id_seq; Type: SEQUENCE; Schema: public; Owner: irrigation_user
--

ALTER TABLE public.devices ALTER COLUMN id ADD GENERATED BY DEFAULT AS IDENTITY (
    SEQUENCE NAME public.devices_id_seq
    START WITH 1
    INCREMENT BY 1
    NO MINVALUE
    NO MAXVALUE
    CACHE 1
);


--
-- Name: django_admin_log; Type: TABLE; Schema: public; Owner: irrigation_user
--

CREATE TABLE public.django_admin_log (
    id integer NOT NULL,
    action_time timestamp with time zone NOT NULL,
    object_id text,
    object_repr character varying(200) NOT NULL,
    action_flag smallint NOT NULL,
    change_message text NOT NULL,
    content_type_id integer,
    user_id integer NOT NULL,
    CONSTRAINT django_admin_log_action_flag_check CHECK ((action_flag >= 0))
);


ALTER TABLE public.django_admin_log OWNER TO irrigation_user;

--
-- Name: django_admin_log_id_seq; Type: SEQUENCE; Schema: public; Owner: irrigation_user
--

ALTER TABLE public.django_admin_log ALTER COLUMN id ADD GENERATED BY DEFAULT AS IDENTITY (
    SEQUENCE NAME public.django_admin_log_id_seq
    START WITH 1
    INCREMENT BY 1
    NO MINVALUE
    NO MAXVALUE
    CACHE 1
);


--
-- Name: django_content_type; Type: TABLE; Schema: public; Owner: irrigation_user
--

CREATE TABLE public.django_content_type (
    id integer NOT NULL,
    app_label character varying(100) NOT NULL,
    model character varying(100) NOT NULL
);


ALTER TABLE public.django_content_type OWNER TO irrigation_user;

--
-- Name: django_content_type_id_seq; Type: SEQUENCE; Schema: public; Owner: irrigation_user
--

ALTER TABLE public.django_content_type ALTER COLUMN id ADD GENERATED BY DEFAULT AS IDENTITY (
    SEQUENCE NAME public.django_content_type_id_seq
    START WITH 1
    INCREMENT BY 1
    NO MINVALUE
    NO MAXVALUE
    CACHE 1
);


--
-- Name: django_migrations; Type: TABLE; Schema: public; Owner: irrigation_user
--

CREATE TABLE public.django_migrations (
    id bigint NOT NULL,
    app character varying(255) NOT NULL,
    name character varying(255) NOT NULL,
    applied timestamp with time zone NOT NULL
);


ALTER TABLE public.django_migrations OWNER TO irrigation_user;

--
-- Name: django_migrations_id_seq; Type: SEQUENCE; Schema: public; Owner: irrigation_user
--

ALTER TABLE public.django_migrations ALTER COLUMN id ADD GENERATED BY DEFAULT AS IDENTITY (
    SEQUENCE NAME public.django_migrations_id_seq
    START WITH 1
    INCREMENT BY 1
    NO MINVALUE
    NO MAXVALUE
    CACHE 1
);


--
-- Name: django_session; Type: TABLE; Schema: public; Owner: irrigation_user
--

CREATE TABLE public.django_session (
    session_key character varying(40) NOT NULL,
    session_data text NOT NULL,
    expire_date timestamp with time zone NOT NULL
);


ALTER TABLE public.django_session OWNER TO irrigation_user;

--
-- Name: greenhouse_config; Type: TABLE; Schema: public; Owner: irrigation_user
--

CREATE TABLE public.greenhouse_config (
    id integer NOT NULL,
    name character varying(120) NOT NULL,
    location character varying(200) NOT NULL,
    controller_ip inet,
    controller_username character varying(100) NOT NULL,
    controller_password character varying(255) NOT NULL,
    created_at timestamp with time zone NOT NULL,
    updated_at timestamp with time zone NOT NULL,
    is_active boolean NOT NULL,
    season character varying(100) NOT NULL,
    feature_layout boolean NOT NULL,
    feature_meteostation boolean NOT NULL,
    feature_plants boolean NOT NULL,
    feature_watering_liters boolean NOT NULL,
    feature_smart_suggestions boolean NOT NULL
);


ALTER TABLE public.greenhouse_config OWNER TO irrigation_user;

--
-- Name: greenhouse_config_id_seq; Type: SEQUENCE; Schema: public; Owner: irrigation_user
--

ALTER TABLE public.greenhouse_config ALTER COLUMN id ADD GENERATED BY DEFAULT AS IDENTITY (
    SEQUENCE NAME public.greenhouse_config_id_seq
    START WITH 1
    INCREMENT BY 1
    NO MINVALUE
    NO MAXVALUE
    CACHE 1
);


--
-- Name: greenhouses; Type: TABLE; Schema: public; Owner: irrigation_user
--

CREATE TABLE public.greenhouses (
    id character varying NOT NULL,
    name character varying(120) NOT NULL,
    description text,
    location character varying(200),
    mqtt_broker character varying(120) NOT NULL,
    mqtt_port integer NOT NULL,
    mqtt_username character varying(120),
    mqtt_password text,
    active boolean NOT NULL,
    created_at timestamp without time zone DEFAULT now() NOT NULL,
    updated_at timestamp without time zone DEFAULT now()
);


ALTER TABLE public.greenhouses OWNER TO irrigation_user;

--
-- Name: path_cells; Type: TABLE; Schema: public; Owner: irrigation_user
--

CREATE TABLE public.path_cells (
    id bigint NOT NULL,
    "row" integer NOT NULL,
    "column" integer NOT NULL,
    description character varying(200),
    created_at timestamp with time zone NOT NULL,
    updated_at timestamp with time zone NOT NULL,
    CONSTRAINT path_cells_column_check CHECK (("column" >= 0)),
    CONSTRAINT path_cells_row_check CHECK (("row" >= 0))
);


ALTER TABLE public.path_cells OWNER TO irrigation_user;

--
-- Name: path_cells_id_seq; Type: SEQUENCE; Schema: public; Owner: irrigation_user
--

ALTER TABLE public.path_cells ALTER COLUMN id ADD GENERATED BY DEFAULT AS IDENTITY (
    SEQUENCE NAME public.path_cells_id_seq
    START WITH 1
    INCREMENT BY 1
    NO MINVALUE
    NO MAXVALUE
    CACHE 1
);


--
-- Name: plants; Type: TABLE; Schema: public; Owner: irrigation_user
--

CREATE TABLE public.plants (
    id character varying NOT NULL,
    name character varying(100) NOT NULL,
    variety character varying(100),
    planting_date date NOT NULL,
    watering_frequency integer NOT NULL,
    watering_duration integer NOT NULL,
    water_amount_ml integer,
    harvest_date_estimate date,
    harvest_quantity_estimate double precision,
    location_row integer NOT NULL,
    location_column integer NOT NULL,
    location_description character varying(200),
    notes text,
    active boolean NOT NULL,
    created_at timestamp without time zone DEFAULT now() NOT NULL,
    updated_at timestamp without time zone DEFAULT now()
);


ALTER TABLE public.plants OWNER TO irrigation_user;

--
-- Name: sensor_data; Type: TABLE; Schema: public; Owner: irrigation_user
--

CREATE TABLE public.sensor_data (
    id bigint NOT NULL,
    device_name character varying(100) NOT NULL,
    topic character varying(255),
    temperature double precision,
    humidity double precision,
    linkquality integer,
    battery integer,
    max_temperature double precision,
    min_temperature double precision,
    temperature_sensitivity double precision,
    temperature_calibration double precision,
    temperature_sampling integer,
    temperature_unit character varying(20),
    humidity_calibration double precision,
    soil_moisture double precision,
    soil_calibration double precision,
    soil_sampling integer,
    soil_warning integer,
    dry boolean,
    raw_data jsonb,
    "timestamp" timestamp with time zone DEFAULT CURRENT_TIMESTAMP NOT NULL,
    created_at timestamp with time zone DEFAULT CURRENT_TIMESTAMP NOT NULL
);


ALTER TABLE public.sensor_data OWNER TO irrigation_user;

--
-- Name: sensor_data_id_seq; Type: SEQUENCE; Schema: public; Owner: irrigation_user
--

CREATE SEQUENCE public.sensor_data_id_seq
    START WITH 1
    INCREMENT BY 1
    NO MINVALUE
    NO MAXVALUE
    CACHE 1;


ALTER TABLE public.sensor_data_id_seq OWNER TO irrigation_user;

--
-- Name: sensor_data_id_seq; Type: SEQUENCE OWNED BY; Schema: public; Owner: irrigation_user
--

ALTER SEQUENCE public.sensor_data_id_seq OWNED BY public.sensor_data.id;


--
-- Name: sensor_measurements_id_seq; Type: SEQUENCE; Schema: public; Owner: irrigation_user
--

CREATE SEQUENCE public.sensor_measurements_id_seq
    START WITH 1
    INCREMENT BY 1
    NO MINVALUE
    NO MAXVALUE
    CACHE 1;


ALTER TABLE public.sensor_measurements_id_seq OWNER TO irrigation_user;

--
-- Name: sensor_measurements_id_seq; Type: SEQUENCE OWNED BY; Schema: public; Owner: irrigation_user
--

ALTER SEQUENCE public.sensor_measurements_id_seq OWNED BY public.sensor_measurements.id;


--
-- Name: sensor_metrics_5m; Type: VIEW; Schema: public; Owner: irrigation_user
--

CREATE VIEW public.sensor_metrics_5m AS
 SELECT public.time_bucket('00:05:00'::interval, sensor_measurements."timestamp") AS bucket,
    sensor_measurements.device_name,
    avg(sensor_measurements.temperature) AS avg_temperature,
    min(sensor_measurements.temperature) AS min_temperature,
    max(sensor_measurements.temperature) AS max_temperature,
    avg(sensor_measurements.humidity) AS avg_humidity,
    avg(sensor_measurements.soil_moisture) AS avg_soil_moisture,
    avg(sensor_measurements.battery) AS avg_battery,
    count(*) AS sample_count
   FROM public.sensor_measurements
  GROUP BY (public.time_bucket('00:05:00'::interval, sensor_measurements."timestamp")), sensor_measurements.device_name
  ORDER BY (public.time_bucket('00:05:00'::interval, sensor_measurements."timestamp")) DESC;


ALTER TABLE public.sensor_metrics_5m OWNER TO irrigation_user;

--
-- Name: watering_cycle; Type: TABLE; Schema: public; Owner: irrigation_user
--

CREATE TABLE public.watering_cycle (
    id character varying NOT NULL,
    scheduled_time timestamp without time zone NOT NULL,
    duration integer NOT NULL,
    description text,
    device character varying NOT NULL,
    created_at timestamp without time zone DEFAULT now() NOT NULL,
    updated_at timestamp without time zone DEFAULT now(),
    status character varying NOT NULL,
    executed_at timestamp without time zone,
    result text,
    plan_id character varying
);


ALTER TABLE public.watering_cycle OWNER TO irrigation_user;

--
-- Name: watering_plans; Type: TABLE; Schema: public; Owner: irrigation_user
--

CREATE TABLE public.watering_plans (
    id character varying NOT NULL,
    name character varying(120) NOT NULL,
    description text,
    start_date date,
    end_date date,
    created_at timestamp without time zone DEFAULT now() NOT NULL,
    updated_at timestamp without time zone DEFAULT now(),
    active boolean NOT NULL,
    greenhouse_config_id integer
);


ALTER TABLE public.watering_plans OWNER TO irrigation_user;

--
-- Name: _hyper_2_1_chunk id; Type: DEFAULT; Schema: _timescaledb_internal; Owner: irrigation_user
--

ALTER TABLE ONLY _timescaledb_internal._hyper_2_1_chunk ALTER COLUMN id SET DEFAULT nextval('public.sensor_measurements_id_seq'::regclass);


--
-- Name: _hyper_2_1_chunk timestamp; Type: DEFAULT; Schema: _timescaledb_internal; Owner: irrigation_user
--

ALTER TABLE ONLY _timescaledb_internal._hyper_2_1_chunk ALTER COLUMN "timestamp" SET DEFAULT CURRENT_TIMESTAMP;


--
-- Name: _hyper_2_1_chunk created_at; Type: DEFAULT; Schema: _timescaledb_internal; Owner: irrigation_user
--

ALTER TABLE ONLY _timescaledb_internal._hyper_2_1_chunk ALTER COLUMN created_at SET DEFAULT CURRENT_TIMESTAMP;


--
-- Name: sensor_data id; Type: DEFAULT; Schema: public; Owner: irrigation_user
--

ALTER TABLE ONLY public.sensor_data ALTER COLUMN id SET DEFAULT nextval('public.sensor_data_id_seq'::regclass);


--
-- Name: sensor_measurements id; Type: DEFAULT; Schema: public; Owner: irrigation_user
--

ALTER TABLE ONLY public.sensor_measurements ALTER COLUMN id SET DEFAULT nextval('public.sensor_measurements_id_seq'::regclass);


--
-- Data for Name: hypertable; Type: TABLE DATA; Schema: _timescaledb_catalog; Owner: irrigation_user
--

COPY _timescaledb_catalog.hypertable (id, schema_name, table_name, associated_schema_name, associated_table_prefix, num_dimensions, chunk_sizing_func_schema, chunk_sizing_func_name, chunk_target_size, compression_state, compressed_hypertable_id, status) FROM stdin;
2	public	sensor_measurements	_timescaledb_internal	_hyper_2	1	_timescaledb_internal	calculate_chunk_interval	0	0	\N	0
\.


--
-- Data for Name: chunk; Type: TABLE DATA; Schema: _timescaledb_catalog; Owner: irrigation_user
--

COPY _timescaledb_catalog.chunk (id, hypertable_id, schema_name, table_name, compressed_chunk_id, dropped, status, osm_chunk, creation_time) FROM stdin;
1	2	_timescaledb_internal	_hyper_2_1_chunk	\N	f	0	f	2026-05-12 11:32:37.911332+00
\.


--
-- Data for Name: dimension; Type: TABLE DATA; Schema: _timescaledb_catalog; Owner: irrigation_user
--

COPY _timescaledb_catalog.dimension (id, hypertable_id, column_name, column_type, aligned, num_slices, partitioning_func_schema, partitioning_func, interval_length, compress_interval_length, integer_now_func_schema, integer_now_func) FROM stdin;
2	2	timestamp	timestamp with time zone	t	\N	\N	\N	604800000000	\N	\N	\N
\.


--
-- Data for Name: dimension_slice; Type: TABLE DATA; Schema: _timescaledb_catalog; Owner: irrigation_user
--

COPY _timescaledb_catalog.dimension_slice (id, dimension_id, range_start, range_end) FROM stdin;
1	2	1778112000000000	1778716800000000
\.


--
-- Data for Name: chunk_constraint; Type: TABLE DATA; Schema: _timescaledb_catalog; Owner: irrigation_user
--

COPY _timescaledb_catalog.chunk_constraint (chunk_id, dimension_slice_id, constraint_name, hypertable_constraint_name) FROM stdin;
1	1	constraint_1	\N
\.


--
-- Data for Name: chunk_index; Type: TABLE DATA; Schema: _timescaledb_catalog; Owner: irrigation_user
--

COPY _timescaledb_catalog.chunk_index (chunk_id, index_name, hypertable_id, hypertable_index_name) FROM stdin;
1	_hyper_2_1_chunk_idx_sensor_measurements_ts	2	idx_sensor_measurements_ts
1	_hyper_2_1_chunk_idx_sensor_measurements_device_ts	2	idx_sensor_measurements_device_ts
\.


--
-- Data for Name: compression_chunk_size; Type: TABLE DATA; Schema: _timescaledb_catalog; Owner: irrigation_user
--

COPY _timescaledb_catalog.compression_chunk_size (chunk_id, compressed_chunk_id, uncompressed_heap_size, uncompressed_toast_size, uncompressed_index_size, compressed_heap_size, compressed_toast_size, compressed_index_size, numrows_pre_compression, numrows_post_compression, numrows_frozen_immediately) FROM stdin;
\.


--
-- Data for Name: compression_settings; Type: TABLE DATA; Schema: _timescaledb_catalog; Owner: irrigation_user
--

COPY _timescaledb_catalog.compression_settings (relid, segmentby, orderby, orderby_desc, orderby_nullsfirst) FROM stdin;
\.


--
-- Data for Name: continuous_agg; Type: TABLE DATA; Schema: _timescaledb_catalog; Owner: irrigation_user
--

COPY _timescaledb_catalog.continuous_agg (mat_hypertable_id, raw_hypertable_id, parent_mat_hypertable_id, user_view_schema, user_view_name, partial_view_schema, partial_view_name, direct_view_schema, direct_view_name, materialized_only, finalized) FROM stdin;
\.


--
-- Data for Name: continuous_agg_migrate_plan; Type: TABLE DATA; Schema: _timescaledb_catalog; Owner: irrigation_user
--

COPY _timescaledb_catalog.continuous_agg_migrate_plan (mat_hypertable_id, start_ts, end_ts, user_view_definition) FROM stdin;
\.


--
-- Data for Name: continuous_agg_migrate_plan_step; Type: TABLE DATA; Schema: _timescaledb_catalog; Owner: irrigation_user
--

COPY _timescaledb_catalog.continuous_agg_migrate_plan_step (mat_hypertable_id, step_id, status, start_ts, end_ts, type, config) FROM stdin;
\.


--
-- Data for Name: continuous_aggs_bucket_function; Type: TABLE DATA; Schema: _timescaledb_catalog; Owner: irrigation_user
--

COPY _timescaledb_catalog.continuous_aggs_bucket_function (mat_hypertable_id, bucket_func, bucket_width, bucket_origin, bucket_offset, bucket_timezone, bucket_fixed_width) FROM stdin;
\.


--
-- Data for Name: continuous_aggs_hypertable_invalidation_log; Type: TABLE DATA; Schema: _timescaledb_catalog; Owner: irrigation_user
--

COPY _timescaledb_catalog.continuous_aggs_hypertable_invalidation_log (hypertable_id, lowest_modified_value, greatest_modified_value) FROM stdin;
\.


--
-- Data for Name: continuous_aggs_invalidation_threshold; Type: TABLE DATA; Schema: _timescaledb_catalog; Owner: irrigation_user
--

COPY _timescaledb_catalog.continuous_aggs_invalidation_threshold (hypertable_id, watermark) FROM stdin;
\.


--
-- Data for Name: continuous_aggs_materialization_invalidation_log; Type: TABLE DATA; Schema: _timescaledb_catalog; Owner: irrigation_user
--

COPY _timescaledb_catalog.continuous_aggs_materialization_invalidation_log (materialization_id, lowest_modified_value, greatest_modified_value) FROM stdin;
\.


--
-- Data for Name: continuous_aggs_watermark; Type: TABLE DATA; Schema: _timescaledb_catalog; Owner: irrigation_user
--

COPY _timescaledb_catalog.continuous_aggs_watermark (mat_hypertable_id, watermark) FROM stdin;
\.


--
-- Data for Name: metadata; Type: TABLE DATA; Schema: _timescaledb_catalog; Owner: irrigation_user
--

COPY _timescaledb_catalog.metadata (key, value, include_in_telemetry) FROM stdin;
install_timestamp	2026-05-12 11:18:25.101643+00	t
timescaledb_version	2.15.3	f
exported_uuid	99f60e45-5366-4dcb-b9d1-0e4d7f45f822	t
\.


--
-- Data for Name: tablespace; Type: TABLE DATA; Schema: _timescaledb_catalog; Owner: irrigation_user
--

COPY _timescaledb_catalog.tablespace (id, hypertable_id, tablespace_name) FROM stdin;
\.


--
-- Data for Name: bgw_job; Type: TABLE DATA; Schema: _timescaledb_config; Owner: irrigation_user
--

COPY _timescaledb_config.bgw_job (id, application_name, schedule_interval, max_runtime, max_retries, retry_period, proc_schema, proc_name, owner, scheduled, fixed_schedule, initial_start, hypertable_id, config, check_schema, check_name, timezone) FROM stdin;
\.


--
-- Data for Name: _hyper_2_1_chunk; Type: TABLE DATA; Schema: _timescaledb_internal; Owner: irrigation_user
--

COPY _timescaledb_internal._hyper_2_1_chunk (id, device_name, topic, temperature, humidity, linkquality, battery, max_temperature, min_temperature, temperature_sensitivity, temperature_calibration, temperature_sampling, temperature_unit, humidity_calibration, soil_moisture, soil_calibration, soil_sampling, soil_warning, dry, raw_data, "timestamp", created_at) FROM stdin;
1	0xa4c138a5cfe7b9f0	zigbee2mqtt/0xa4c138a5cfe7b9f0	23.9	57	255	100	\N	\N	\N	0	30	celsius	0	0	0	30	20	t	{"dry": true, "battery": 100, "humidity": 57, "linkquality": 255, "temperature": 23.9, "soil_warning": 20, "soil_moisture": 0, "soil_sampling": 30, "soil_calibration": 0, "temperature_unit": "celsius", "humidity_calibration": 0, "temperature_sampling": 30, "temperature_calibration": 0}	2026-05-12 12:00:00+00	2026-05-12 11:32:37.908111+00
2	0xa4c138391b14a3d1	zigbee2mqtt/0xa4c138391b14a3d1	26.5	38	244	19	35	0	0.6	\N	\N	celsius	\N	\N	\N	\N	\N	\N	{"battery": 19, "humidity": 38, "linkquality": 244, "temperature": 26.5, "max_temperature": 35, "min_temperature": 0, "temperature_sensitivity": 0.6, "temperature_unit_convert": "celsius"}	2026-05-12 12:19:19.084814+00	2026-05-12 12:19:19.085139+00
3	0xa4c138391b14a3d1	zigbee2mqtt/0xa4c138391b14a3d1	26.5	37	248	19	35	0	0.6	\N	\N	celsius	\N	\N	\N	\N	\N	\N	{"battery": 19, "humidity": 37, "linkquality": 248, "temperature": 26.5, "max_temperature": 35, "min_temperature": 0, "temperature_sensitivity": 0.6, "temperature_unit_convert": "celsius"}	2026-05-12 12:19:19.205539+00	2026-05-12 12:19:19.205731+00
4	0xa4c138391b14a3d1	zigbee2mqtt/0xa4c138391b14a3d1	26.5	37	255	19	35	0	0.6	\N	\N	celsius	\N	\N	\N	\N	\N	\N	{"battery": 19, "humidity": 37, "linkquality": 255, "temperature": 26.5, "max_temperature": 35, "min_temperature": 0, "temperature_sensitivity": 0.6, "temperature_unit_convert": "celsius"}	2026-05-12 12:19:19.324283+00	2026-05-12 12:19:19.324438+00
5	0xa4c138391b14a3d1	zigbee2mqtt/0xa4c138391b14a3d1	26.5	37	240	19	35	0	0.6	\N	\N	celsius	\N	\N	\N	\N	\N	\N	{"battery": 19, "humidity": 37, "linkquality": 240, "temperature": 26.5, "max_temperature": 35, "min_temperature": 0, "temperature_sensitivity": 0.6, "temperature_unit_convert": "celsius"}	2026-05-12 12:19:22.257941+00	2026-05-12 12:19:22.258127+00
6	0xa4c138391b14a3d1	zigbee2mqtt/0xa4c138391b14a3d1	26.5	37	240	19	35	0	0.6	\N	\N	celsius	\N	\N	\N	\N	\N	\N	{"battery": 19, "humidity": 37, "linkquality": 240, "temperature": 26.5, "max_temperature": 35, "min_temperature": 0, "temperature_sensitivity": 0.6, "temperature_unit_convert": "celsius"}	2026-05-12 12:19:22.369969+00	2026-05-12 12:19:22.37035+00
7	0xa4c138391b14a3d1	zigbee2mqtt/0xa4c138391b14a3d1	26.5	37	236	19	35	0	0.6	\N	\N	celsius	\N	\N	\N	\N	\N	\N	{"battery": 19, "humidity": 37, "linkquality": 236, "temperature": 26.5, "max_temperature": 35, "min_temperature": 0, "temperature_sensitivity": 0.6, "temperature_unit_convert": "celsius"}	2026-05-12 12:19:22.491895+00	2026-05-12 12:19:22.49205+00
8	0xa4c138391b14a3d1	zigbee2mqtt/0xa4c138391b14a3d1	26.5	37	248	19	35	0	0.6	\N	\N	celsius	\N	\N	\N	\N	\N	\N	{"battery": 19, "humidity": 37, "linkquality": 248, "temperature": 26.5, "max_temperature": 35, "min_temperature": 0, "temperature_sensitivity": 0.6, "temperature_unit_convert": "celsius"}	2026-05-12 12:19:24.019627+00	2026-05-12 12:19:24.020194+00
9	0xa4c138391b14a3d1	zigbee2mqtt/0xa4c138391b14a3d1	26.5	37	248	19	35	0	0.6	\N	\N	celsius	\N	\N	\N	\N	\N	\N	{"battery": 19, "humidity": 37, "linkquality": 248, "temperature": 26.5, "max_temperature": 35, "min_temperature": 0, "temperature_sensitivity": 0.6, "temperature_unit_convert": "celsius"}	2026-05-12 12:19:24.130571+00	2026-05-12 12:19:24.130872+00
10	0xa4c138391b14a3d1	zigbee2mqtt/0xa4c138391b14a3d1	26.5	37	248	19	35	0	0.6	\N	\N	celsius	\N	\N	\N	\N	\N	\N	{"battery": 19, "humidity": 37, "linkquality": 248, "temperature": 26.5, "max_temperature": 35, "min_temperature": 0, "temperature_sensitivity": 0.6, "temperature_unit_convert": "celsius"}	2026-05-12 12:19:24.250633+00	2026-05-12 12:19:24.250888+00
11	0xa4c138391b14a3d1	zigbee2mqtt/0xa4c138391b14a3d1	26.6	37	244	19	35	0	0.6	\N	\N	celsius	\N	\N	\N	\N	\N	\N	{"battery": 19, "humidity": 37, "linkquality": 244, "temperature": 26.6, "max_temperature": 35, "min_temperature": 0, "temperature_sensitivity": 0.6, "temperature_unit_convert": "celsius"}	2026-05-12 12:19:27.200583+00	2026-05-12 12:19:27.200895+00
12	0xa4c138391b14a3d1	zigbee2mqtt/0xa4c138391b14a3d1	26.6	44	240	19	35	0	0.6	\N	\N	celsius	\N	\N	\N	\N	\N	\N	{"battery": 19, "humidity": 44, "linkquality": 240, "temperature": 26.6, "max_temperature": 35, "min_temperature": 0, "temperature_sensitivity": 0.6, "temperature_unit_convert": "celsius"}	2026-05-12 12:19:27.319596+00	2026-05-12 12:19:27.319897+00
13	0xa4c138391b14a3d1	zigbee2mqtt/0xa4c138391b14a3d1	26.6	44	240	19	35	0	0.6	\N	\N	celsius	\N	\N	\N	\N	\N	\N	{"battery": 19, "humidity": 44, "linkquality": 240, "temperature": 26.6, "max_temperature": 35, "min_temperature": 0, "temperature_sensitivity": 0.6, "temperature_unit_convert": "celsius"}	2026-05-12 12:19:27.440468+00	2026-05-12 12:19:27.440832+00
14	0xa4c138391b14a3d1	zigbee2mqtt/0xa4c138391b14a3d1	26.6	44	240	19	35	0	0.6	\N	\N	celsius	\N	\N	\N	\N	\N	\N	{"battery": 19, "humidity": 44, "linkquality": 240, "temperature": 26.6, "max_temperature": 35, "min_temperature": 0, "temperature_sensitivity": 0.6, "temperature_unit_convert": "celsius"}	2026-05-12 12:19:30.596823+00	2026-05-12 12:19:30.59698+00
15	0xa4c138391b14a3d1	zigbee2mqtt/0xa4c138391b14a3d1	26.6	44	240	19	35	0	0.6	\N	\N	celsius	\N	\N	\N	\N	\N	\N	{"battery": 19, "humidity": 44, "linkquality": 240, "temperature": 26.6, "max_temperature": 35, "min_temperature": 0, "temperature_sensitivity": 0.6, "temperature_unit_convert": "celsius"}	2026-05-12 12:19:30.716865+00	2026-05-12 12:19:30.717246+00
16	0xa4c138391b14a3d1	zigbee2mqtt/0xa4c138391b14a3d1	26.6	44	240	19	35	0	0.6	\N	\N	celsius	\N	\N	\N	\N	\N	\N	{"battery": 19, "humidity": 44, "linkquality": 240, "temperature": 26.6, "max_temperature": 35, "min_temperature": 0, "temperature_sensitivity": 0.6, "temperature_unit_convert": "celsius"}	2026-05-12 12:19:30.840856+00	2026-05-12 12:19:30.841056+00
17	0xa4c138391b14a3d1	zigbee2mqtt/0xa4c138391b14a3d1	26.6	44	240	19	35	0	0.6	\N	\N	celsius	\N	\N	\N	\N	\N	\N	{"battery": 19, "humidity": 44, "linkquality": 240, "temperature": 26.6, "max_temperature": 35, "min_temperature": 0, "temperature_sensitivity": 0.6, "temperature_unit_convert": "celsius"}	2026-05-12 12:19:39.171399+00	2026-05-12 12:19:39.171582+00
18	0xa4c138391b14a3d1	zigbee2mqtt/0xa4c138391b14a3d1	26.6	44	244	19	35	0	0.6	\N	\N	celsius	\N	\N	\N	\N	\N	\N	{"battery": 19, "humidity": 44, "linkquality": 244, "temperature": 26.6, "max_temperature": 35, "min_temperature": 0, "temperature_sensitivity": 0.6, "temperature_unit_convert": "celsius"}	2026-05-12 12:19:39.263267+00	2026-05-12 12:19:39.263551+00
19	0xa4c138391b14a3d1	zigbee2mqtt/0xa4c138391b14a3d1	26.6	44	240	19	35	0	0.6	\N	\N	celsius	\N	\N	\N	\N	\N	\N	{"battery": 19, "humidity": 44, "linkquality": 240, "temperature": 26.6, "max_temperature": 35, "min_temperature": 0, "temperature_sensitivity": 0.6, "temperature_unit_convert": "celsius"}	2026-05-12 12:19:39.384315+00	2026-05-12 12:19:39.38458+00
20	0xa4c138391b14a3d1	zigbee2mqtt/0xa4c138391b14a3d1	26.6	44	232	19	35	0	0.6	\N	\N	celsius	\N	\N	\N	\N	\N	\N	{"battery": 19, "humidity": 44, "linkquality": 232, "temperature": 26.6, "max_temperature": 35, "min_temperature": 0, "temperature_sensitivity": 0.6, "temperature_unit_convert": "celsius"}	2026-05-12 12:19:40.710096+00	2026-05-12 12:19:40.71025+00
21	0xa4c138391b14a3d1	zigbee2mqtt/0xa4c138391b14a3d1	26.6	53	244	19	35	0	0.6	\N	\N	celsius	\N	\N	\N	\N	\N	\N	{"battery": 19, "humidity": 53, "linkquality": 244, "temperature": 26.6, "max_temperature": 35, "min_temperature": 0, "temperature_sensitivity": 0.6, "temperature_unit_convert": "celsius"}	2026-05-12 12:19:40.827128+00	2026-05-12 12:19:40.827307+00
22	0xa4c138391b14a3d1	zigbee2mqtt/0xa4c138391b14a3d1	26.6	53	252	19	35	0	0.6	\N	\N	celsius	\N	\N	\N	\N	\N	\N	{"battery": 19, "humidity": 53, "linkquality": 252, "temperature": 26.6, "max_temperature": 35, "min_temperature": 0, "temperature_sensitivity": 0.6, "temperature_unit_convert": "celsius"}	2026-05-12 12:19:40.95057+00	2026-05-12 12:19:40.950813+00
23	0xa4c138391b14a3d1	zigbee2mqtt/0xa4c138391b14a3d1	26.6	53	255	19	35	0	0.6	\N	\N	celsius	\N	\N	\N	\N	\N	\N	{"battery": 19, "humidity": 53, "linkquality": 255, "temperature": 26.6, "max_temperature": 35, "min_temperature": 0, "temperature_sensitivity": 0.6, "temperature_unit_convert": "celsius"}	2026-05-12 12:20:41.23523+00	2026-05-12 12:20:41.235526+00
24	0xa4c138391b14a3d1	zigbee2mqtt/0xa4c138391b14a3d1	26.6	38	252	19	35	0	0.6	\N	\N	celsius	\N	\N	\N	\N	\N	\N	{"battery": 19, "humidity": 38, "linkquality": 252, "temperature": 26.6, "max_temperature": 35, "min_temperature": 0, "temperature_sensitivity": 0.6, "temperature_unit_convert": "celsius"}	2026-05-12 12:20:41.361006+00	2026-05-12 12:20:41.36125+00
25	0xa4c138391b14a3d1	zigbee2mqtt/0xa4c138391b14a3d1	26.6	38	252	19	35	0	0.6	\N	\N	celsius	\N	\N	\N	\N	\N	\N	{"battery": 19, "humidity": 38, "linkquality": 252, "temperature": 26.6, "max_temperature": 35, "min_temperature": 0, "temperature_sensitivity": 0.6, "temperature_unit_convert": "celsius"}	2026-05-12 12:20:41.476902+00	2026-05-12 12:20:41.477124+00
26	0xa4c138a5cfe7b9f0	zigbee2mqtt/0xa4c138a5cfe7b9f0	26.3	42	255	100	\N	\N	\N	0	30	celsius	0	0	0	30	20	t	{"dry": true, "battery": 100, "humidity": 42, "linkquality": 255, "temperature": 26.3, "soil_warning": 20, "soil_moisture": 0, "soil_sampling": 30, "soil_calibration": 0, "temperature_unit": "celsius", "humidity_calibration": 0, "temperature_sampling": 30, "temperature_calibration": 0}	2026-05-12 12:25:09.094765+00	2026-05-12 12:25:09.094961+00
27	0xa4c138a5cfe7b9f0	zigbee2mqtt/0xa4c138a5cfe7b9f0	26	42	255	100	\N	\N	\N	0	30	celsius	0	0	0	30	20	t	{"dry": true, "battery": 100, "humidity": 42, "linkquality": 255, "temperature": 26, "soil_warning": 20, "soil_moisture": 0, "soil_sampling": 30, "soil_calibration": 0, "temperature_unit": "celsius", "humidity_calibration": 0, "temperature_sampling": 30, "temperature_calibration": 0}	2026-05-12 12:25:28.766702+00	2026-05-12 12:25:28.766974+00
28	0xa4c138a5cfe7b9f0	zigbee2mqtt/0xa4c138a5cfe7b9f0	26	41	255	100	\N	\N	\N	0	30	celsius	0	0	0	30	20	t	{"dry": true, "battery": 100, "humidity": 41, "linkquality": 255, "temperature": 26, "soil_warning": 20, "soil_moisture": 0, "soil_sampling": 30, "soil_calibration": 0, "temperature_unit": "celsius", "humidity_calibration": 0, "temperature_sampling": 30, "temperature_calibration": 0}	2026-05-12 12:25:28.958887+00	2026-05-12 12:25:28.959025+00
29	0xa4c138a5cfe7b9f0	zigbee2mqtt/0xa4c138a5cfe7b9f0	26	41	255	100	\N	\N	\N	0	30	celsius	0	0	0	30	20	t	{"dry": true, "battery": 100, "humidity": 41, "linkquality": 255, "temperature": 26, "soil_warning": 20, "soil_moisture": 0, "soil_sampling": 30, "soil_calibration": 0, "temperature_unit": "celsius", "humidity_calibration": 0, "temperature_sampling": 30, "temperature_calibration": 0}	2026-05-12 12:25:39.148095+00	2026-05-12 12:25:39.148298+00
30	0xa4c138a5cfe7b9f0	zigbee2mqtt/0xa4c138a5cfe7b9f0	25.7	41	255	100	\N	\N	\N	0	30	celsius	0	0	0	30	20	t	{"dry": true, "battery": 100, "humidity": 41, "linkquality": 255, "temperature": 25.7, "soil_warning": 20, "soil_moisture": 0, "soil_sampling": 30, "soil_calibration": 0, "temperature_unit": "celsius", "humidity_calibration": 0, "temperature_sampling": 30, "temperature_calibration": 0}	2026-05-12 12:25:58.947609+00	2026-05-12 12:25:58.947921+00
31	0xa4c138a5cfe7b9f0	zigbee2mqtt/0xa4c138a5cfe7b9f0	25.7	41	255	100	\N	\N	\N	0	30	celsius	0	0	0	30	20	t	{"dry": true, "battery": 100, "humidity": 41, "linkquality": 255, "temperature": 25.7, "soil_warning": 20, "soil_moisture": 0, "soil_sampling": 30, "soil_calibration": 0, "temperature_unit": "celsius", "humidity_calibration": 0, "temperature_sampling": 30, "temperature_calibration": 0}	2026-05-12 12:25:59.134853+00	2026-05-12 12:25:59.13504+00
32	0xa4c138a5cfe7b9f0	zigbee2mqtt/0xa4c138a5cfe7b9f0	25.4	41	255	100	\N	\N	\N	0	30	celsius	0	0	0	30	20	t	{"dry": true, "battery": 100, "humidity": 41, "linkquality": 255, "temperature": 25.4, "soil_warning": 20, "soil_moisture": 0, "soil_sampling": 30, "soil_calibration": 0, "temperature_unit": "celsius", "humidity_calibration": 0, "temperature_sampling": 30, "temperature_calibration": 0}	2026-05-12 12:27:29.735902+00	2026-05-12 12:27:29.736175+00
33	0xa4c138a5cfe7b9f0	zigbee2mqtt/0xa4c138a5cfe7b9f0	25.4	45	255	100	\N	\N	\N	0	30	celsius	0	0	0	30	20	t	{"dry": true, "battery": 100, "humidity": 45, "linkquality": 255, "temperature": 25.4, "soil_warning": 20, "soil_moisture": 0, "soil_sampling": 30, "soil_calibration": 0, "temperature_unit": "celsius", "humidity_calibration": 0, "temperature_sampling": 30, "temperature_calibration": 0}	2026-05-12 12:27:29.93106+00	2026-05-12 12:27:29.931227+00
34	0xa4c138391b14a3d1	zigbee2mqtt/0xa4c138391b14a3d1	25.9	38	255	19	35	0	0.6	\N	\N	celsius	\N	\N	\N	\N	\N	\N	{"battery": 19, "humidity": 38, "linkquality": 255, "temperature": 25.9, "max_temperature": 35, "min_temperature": 0, "temperature_sensitivity": 0.6, "temperature_unit_convert": "celsius"}	2026-05-12 12:27:41.713324+00	2026-05-12 12:27:41.713537+00
35	0xa4c138391b14a3d1	zigbee2mqtt/0xa4c138391b14a3d1	25.9	38	255	19	35	0	0.6	\N	\N	celsius	\N	\N	\N	\N	\N	\N	{"battery": 19, "humidity": 38, "linkquality": 255, "temperature": 25.9, "max_temperature": 35, "min_temperature": 0, "temperature_sensitivity": 0.6, "temperature_unit_convert": "celsius"}	2026-05-12 12:27:41.824853+00	2026-05-12 12:27:41.825146+00
36	0xa4c138391b14a3d1	zigbee2mqtt/0xa4c138391b14a3d1	25.9	38	255	19	35	0	0.6	\N	\N	celsius	\N	\N	\N	\N	\N	\N	{"battery": 19, "humidity": 38, "linkquality": 255, "temperature": 25.9, "max_temperature": 35, "min_temperature": 0, "temperature_sensitivity": 0.6, "temperature_unit_convert": "celsius"}	2026-05-12 12:27:41.953061+00	2026-05-12 12:27:41.953225+00
37	0xa4c138a5cfe7b9f0	zigbee2mqtt/0xa4c138a5cfe7b9f0	25.1	45	255	100	\N	\N	\N	0	30	celsius	0	0	0	30	20	t	{"dry": true, "battery": 100, "humidity": 45, "linkquality": 255, "temperature": 25.1, "soil_warning": 20, "soil_moisture": 0, "soil_sampling": 30, "soil_calibration": 0, "temperature_unit": "celsius", "humidity_calibration": 0, "temperature_sampling": 30, "temperature_calibration": 0}	2026-05-12 12:29:00.477068+00	2026-05-12 12:29:00.4774+00
38	0xa4c138a5cfe7b9f0	zigbee2mqtt/0xa4c138a5cfe7b9f0	25.1	46	255	100	\N	\N	\N	0	30	celsius	0	0	0	30	20	t	{"dry": true, "battery": 100, "humidity": 46, "linkquality": 255, "temperature": 25.1, "soil_warning": 20, "soil_moisture": 0, "soil_sampling": 30, "soil_calibration": 0, "temperature_unit": "celsius", "humidity_calibration": 0, "temperature_sampling": 30, "temperature_calibration": 0}	2026-05-12 12:29:00.67209+00	2026-05-12 12:29:00.672353+00
39	0xa4c138a5cfe7b9f0	zigbee2mqtt/0xa4c138a5cfe7b9f0	24.8	46	255	100	\N	\N	\N	0	30	celsius	0	0	0	30	20	t	{"dry": true, "battery": 100, "humidity": 46, "linkquality": 255, "temperature": 24.8, "soil_warning": 20, "soil_moisture": 0, "soil_sampling": 30, "soil_calibration": 0, "temperature_unit": "celsius", "humidity_calibration": 0, "temperature_sampling": 30, "temperature_calibration": 0}	2026-05-12 12:31:01.589047+00	2026-05-12 12:31:01.589274+00
40	0xa4c138a5cfe7b9f0	zigbee2mqtt/0xa4c138a5cfe7b9f0	24.8	46	255	100	\N	\N	\N	0	30	celsius	0	0	0	30	20	t	{"dry": true, "battery": 100, "humidity": 46, "linkquality": 255, "temperature": 24.8, "soil_warning": 20, "soil_moisture": 0, "soil_sampling": 30, "soil_calibration": 0, "temperature_unit": "celsius", "humidity_calibration": 0, "temperature_sampling": 30, "temperature_calibration": 0}	2026-05-12 12:31:01.775071+00	2026-05-12 12:31:01.775448+00
41	0xa4c138391b14a3d1	zigbee2mqtt/0xa4c138391b14a3d1	25.3	38	255	19	35	0	0.6	\N	\N	celsius	\N	\N	\N	\N	\N	\N	{"battery": 19, "humidity": 38, "linkquality": 255, "temperature": 25.3, "max_temperature": 35, "min_temperature": 0, "temperature_sensitivity": 0.6, "temperature_unit_convert": "celsius"}	2026-05-12 12:32:42.14096+00	2026-05-12 12:32:42.141407+00
42	0xa4c138391b14a3d1	zigbee2mqtt/0xa4c138391b14a3d1	25.3	38	255	19	35	0	0.6	\N	\N	celsius	\N	\N	\N	\N	\N	\N	{"battery": 19, "humidity": 38, "linkquality": 255, "temperature": 25.3, "max_temperature": 35, "min_temperature": 0, "temperature_sensitivity": 0.6, "temperature_unit_convert": "celsius"}	2026-05-12 12:32:42.257115+00	2026-05-12 12:32:42.257415+00
43	0xa4c138391b14a3d1	zigbee2mqtt/0xa4c138391b14a3d1	25.3	38	255	19	35	0	0.6	\N	\N	celsius	\N	\N	\N	\N	\N	\N	{"battery": 19, "humidity": 38, "linkquality": 255, "temperature": 25.3, "max_temperature": 35, "min_temperature": 0, "temperature_sensitivity": 0.6, "temperature_unit_convert": "celsius"}	2026-05-12 12:32:42.379631+00	2026-05-12 12:32:42.380141+00
44	0xa4c138a5cfe7b9f0	zigbee2mqtt/0xa4c138a5cfe7b9f0	24.5	46	255	100	\N	\N	\N	0	30	celsius	0	0	0	30	20	t	{"dry": true, "battery": 100, "humidity": 46, "linkquality": 255, "temperature": 24.5, "soil_warning": 20, "soil_moisture": 0, "soil_sampling": 30, "soil_calibration": 0, "temperature_unit": "celsius", "humidity_calibration": 0, "temperature_sampling": 30, "temperature_calibration": 0}	2026-05-12 12:35:03.67784+00	2026-05-12 12:35:03.678025+00
45	0xa4c138a5cfe7b9f0	zigbee2mqtt/0xa4c138a5cfe7b9f0	24.5	47	255	100	\N	\N	\N	0	30	celsius	0	0	0	30	20	t	{"dry": true, "battery": 100, "humidity": 47, "linkquality": 255, "temperature": 24.5, "soil_warning": 20, "soil_moisture": 0, "soil_sampling": 30, "soil_calibration": 0, "temperature_unit": "celsius", "humidity_calibration": 0, "temperature_sampling": 30, "temperature_calibration": 0}	2026-05-12 12:35:03.875455+00	2026-05-12 12:35:03.875758+00
46	0xa4c138391b14a3d1	zigbee2mqtt/0xa4c138391b14a3d1	25	38	255	19	35	0	0.6	\N	\N	celsius	\N	\N	\N	\N	\N	\N	{"battery": 19, "humidity": 38, "linkquality": 255, "temperature": 25, "max_temperature": 35, "min_temperature": 0, "temperature_sensitivity": 0.6, "temperature_unit_convert": "celsius"}	2026-05-12 12:39:02.118172+00	2026-05-12 12:39:02.118417+00
47	0xa4c138391b14a3d1	zigbee2mqtt/0xa4c138391b14a3d1	25	39	255	19	35	0	0.6	\N	\N	celsius	\N	\N	\N	\N	\N	\N	{"battery": 19, "humidity": 39, "linkquality": 255, "temperature": 25, "max_temperature": 35, "min_temperature": 0, "temperature_sensitivity": 0.6, "temperature_unit_convert": "celsius"}	2026-05-12 12:39:02.245873+00	2026-05-12 12:39:02.246229+00
48	0xa4c138391b14a3d1	zigbee2mqtt/0xa4c138391b14a3d1	25	39	255	19	35	0	0.6	\N	\N	celsius	\N	\N	\N	\N	\N	\N	{"battery": 19, "humidity": 39, "linkquality": 255, "temperature": 25, "max_temperature": 35, "min_temperature": 0, "temperature_sensitivity": 0.6, "temperature_unit_convert": "celsius"}	2026-05-12 12:39:02.359334+00	2026-05-12 12:39:02.359732+00
49	0xa4c138a5cfe7b9f0	zigbee2mqtt/0xa4c138a5cfe7b9f0	24.2	47	255	100	\N	\N	\N	0	30	celsius	0	0	0	30	20	t	{"dry": true, "battery": 100, "humidity": 47, "linkquality": 255, "temperature": 24.2, "soil_warning": 20, "soil_moisture": 0, "soil_sampling": 30, "soil_calibration": 0, "temperature_unit": "celsius", "humidity_calibration": 0, "temperature_sampling": 30, "temperature_calibration": 0}	2026-05-12 12:58:45.733577+00	2026-05-12 12:58:45.733918+00
50	0xa4c138a5cfe7b9f0	zigbee2mqtt/0xa4c138a5cfe7b9f0	24.2	49	255	100	\N	\N	\N	0	30	celsius	0	0	0	30	20	t	{"dry": true, "battery": 100, "humidity": 49, "linkquality": 255, "temperature": 24.2, "soil_warning": 20, "soil_moisture": 0, "soil_sampling": 30, "soil_calibration": 0, "temperature_unit": "celsius", "humidity_calibration": 0, "temperature_sampling": 30, "temperature_calibration": 0}	2026-05-12 12:58:45.929671+00	2026-05-12 12:58:45.92995+00
51	0xa4c138391b14a3d1	zigbee2mqtt/0xa4c138391b14a3d1	24.4	39	255	19	35	0	0.6	\N	\N	celsius	\N	\N	\N	\N	\N	\N	{"battery": 19, "humidity": 39, "linkquality": 255, "temperature": 24.4, "max_temperature": 35, "min_temperature": 0, "temperature_sensitivity": 0.6, "temperature_unit_convert": "celsius"}	2026-05-12 13:08:02.468316+00	2026-05-12 13:08:02.468559+00
52	0xa4c138391b14a3d1	zigbee2mqtt/0xa4c138391b14a3d1	24.4	39	255	19	35	0	0.6	\N	\N	celsius	\N	\N	\N	\N	\N	\N	{"battery": 19, "humidity": 39, "linkquality": 255, "temperature": 24.4, "max_temperature": 35, "min_temperature": 0, "temperature_sensitivity": 0.6, "temperature_unit_convert": "celsius"}	2026-05-12 13:08:02.5807+00	2026-05-12 13:08:02.580906+00
53	0xa4c138391b14a3d1	zigbee2mqtt/0xa4c138391b14a3d1	24.4	39	255	19	35	0	0.6	\N	\N	celsius	\N	\N	\N	\N	\N	\N	{"battery": 19, "humidity": 39, "linkquality": 255, "temperature": 24.4, "max_temperature": 35, "min_temperature": 0, "temperature_sensitivity": 0.6, "temperature_unit_convert": "celsius"}	2026-05-12 13:08:02.701731+00	2026-05-12 13:08:02.702003+00
54	0xa4c138391b14a3d1	zigbee2mqtt/0xa4c138391b14a3d1	24.4	39	255	19	35	0	0.6	\N	\N	celsius	\N	\N	\N	\N	\N	\N	{"battery": 19, "humidity": 39, "linkquality": 255, "temperature": 24.4, "max_temperature": 35, "min_temperature": 0, "temperature_sensitivity": 0.6, "temperature_unit_convert": "celsius"}	2026-05-12 13:08:40.510014+00	2026-05-12 13:08:40.51027+00
55	0xa4c138391b14a3d1	zigbee2mqtt/0xa4c138391b14a3d1	24.4	39	255	19	35	0	0.6	\N	\N	celsius	\N	\N	\N	\N	\N	\N	{"battery": 19, "humidity": 39, "linkquality": 255, "temperature": 24.4, "max_temperature": 35, "min_temperature": 0, "temperature_sensitivity": 0.6, "temperature_unit_convert": "celsius"}	2026-05-12 13:08:40.617227+00	2026-05-12 13:08:40.617532+00
56	0xa4c138391b14a3d1	zigbee2mqtt/0xa4c138391b14a3d1	24.4	39	244	19	35	0	0.6	\N	\N	celsius	\N	\N	\N	\N	\N	\N	{"battery": 19, "humidity": 39, "linkquality": 244, "temperature": 24.4, "max_temperature": 35, "min_temperature": 0, "temperature_sensitivity": 0.6, "temperature_unit_convert": "celsius"}	2026-05-12 13:08:40.748367+00	2026-05-12 13:08:40.748726+00
57	0xa4c138391b14a3d1	zigbee2mqtt/0xa4c138391b14a3d1	24.8	39	236	19	35	0	0.6	\N	\N	celsius	\N	\N	\N	\N	\N	\N	{"battery": 19, "humidity": 39, "linkquality": 236, "temperature": 24.8, "max_temperature": 35, "min_temperature": 0, "temperature_sensitivity": 0.6, "temperature_unit_convert": "celsius"}	2026-05-12 13:11:22.828935+00	2026-05-12 13:11:22.829165+00
58	0xa4c138391b14a3d1	zigbee2mqtt/0xa4c138391b14a3d1	24.8	40	236	19	35	0	0.6	\N	\N	celsius	\N	\N	\N	\N	\N	\N	{"battery": 19, "humidity": 40, "linkquality": 236, "temperature": 24.8, "max_temperature": 35, "min_temperature": 0, "temperature_sensitivity": 0.6, "temperature_unit_convert": "celsius"}	2026-05-12 13:11:22.938065+00	2026-05-12 13:11:22.938391+00
59	0xa4c138391b14a3d1	zigbee2mqtt/0xa4c138391b14a3d1	24.8	40	244	19	35	0	0.6	\N	\N	celsius	\N	\N	\N	\N	\N	\N	{"battery": 19, "humidity": 40, "linkquality": 244, "temperature": 24.8, "max_temperature": 35, "min_temperature": 0, "temperature_sensitivity": 0.6, "temperature_unit_convert": "celsius"}	2026-05-12 13:11:23.060826+00	2026-05-12 13:11:23.061021+00
60	0xa4c138a5cfe7b9f0	zigbee2mqtt/0xa4c138a5cfe7b9f0	26.3	48	244	100	\N	\N	\N	0	30	celsius	0	0	0	30	20	t	{"dry": true, "battery": 100, "humidity": 48, "linkquality": 244, "temperature": 26.3, "soil_warning": 20, "soil_moisture": 0, "soil_sampling": 30, "soil_calibration": 0, "temperature_unit": "celsius", "humidity_calibration": 0, "temperature_sampling": 30, "temperature_calibration": 0}	2026-05-12 13:15:40.924733+00	2026-05-12 13:15:40.924988+00
61	0xa4c138a5cfe7b9f0	zigbee2mqtt/0xa4c138a5cfe7b9f0	25.9	48	244	100	\N	\N	\N	0	30	celsius	0	0	0	30	20	t	{"dry": true, "battery": 100, "humidity": 48, "linkquality": 244, "temperature": 25.9, "soil_warning": 20, "soil_moisture": 0, "soil_sampling": 30, "soil_calibration": 0, "temperature_unit": "celsius", "humidity_calibration": 0, "temperature_sampling": 30, "temperature_calibration": 0}	2026-05-12 13:16:24.194275+00	2026-05-12 13:16:24.194697+00
62	0xa4c138a5cfe7b9f0	zigbee2mqtt/0xa4c138a5cfe7b9f0	25.9	45	248	100	\N	\N	\N	0	30	celsius	0	0	0	30	20	t	{"dry": true, "battery": 100, "humidity": 45, "linkquality": 248, "temperature": 25.9, "soil_warning": 20, "soil_moisture": 0, "soil_sampling": 30, "soil_calibration": 0, "temperature_unit": "celsius", "humidity_calibration": 0, "temperature_sampling": 30, "temperature_calibration": 0}	2026-05-12 13:16:24.390473+00	2026-05-12 13:16:24.39061+00
63	0xa4c138a5cfe7b9f0	zigbee2mqtt/0xa4c138a5cfe7b9f0	25.5	45	244	100	\N	\N	\N	0	30	celsius	0	0	0	30	20	t	{"dry": true, "battery": 100, "humidity": 45, "linkquality": 244, "temperature": 25.5, "soil_warning": 20, "soil_moisture": 0, "soil_sampling": 30, "soil_calibration": 0, "temperature_unit": "celsius", "humidity_calibration": 0, "temperature_sampling": 30, "temperature_calibration": 0}	2026-05-12 13:17:24.715003+00	2026-05-12 13:17:24.715359+00
64	0xa4c138a5cfe7b9f0	zigbee2mqtt/0xa4c138a5cfe7b9f0	25.5	44	244	100	\N	\N	\N	0	30	celsius	0	0	0	30	20	t	{"dry": true, "battery": 100, "humidity": 44, "linkquality": 244, "temperature": 25.5, "soil_warning": 20, "soil_moisture": 0, "soil_sampling": 30, "soil_calibration": 0, "temperature_unit": "celsius", "humidity_calibration": 0, "temperature_sampling": 30, "temperature_calibration": 0}	2026-05-12 13:17:24.909191+00	2026-05-12 13:17:24.909461+00
65	0xa4c138a5cfe7b9f0	zigbee2mqtt/0xa4c138a5cfe7b9f0	25.1	44	232	100	\N	\N	\N	0	30	celsius	0	0	0	30	20	t	{"dry": true, "battery": 100, "humidity": 44, "linkquality": 232, "temperature": 25.1, "soil_warning": 20, "soil_moisture": 0, "soil_sampling": 30, "soil_calibration": 0, "temperature_unit": "celsius", "humidity_calibration": 0, "temperature_sampling": 30, "temperature_calibration": 0}	2026-05-12 13:18:25.22728+00	2026-05-12 13:18:25.227543+00
66	0xa4c138a5cfe7b9f0	zigbee2mqtt/0xa4c138a5cfe7b9f0	25.1	44	232	100	\N	\N	\N	0	30	celsius	0	0	0	30	20	t	{"dry": true, "battery": 100, "humidity": 44, "linkquality": 232, "temperature": 25.1, "soil_warning": 20, "soil_moisture": 0, "soil_sampling": 30, "soil_calibration": 0, "temperature_unit": "celsius", "humidity_calibration": 0, "temperature_sampling": 30, "temperature_calibration": 0}	2026-05-12 13:18:25.42097+00	2026-05-12 13:18:25.4213+00
67	0xa4c138a5cfe7b9f0	zigbee2mqtt/0xa4c138a5cfe7b9f0	24.8	44	232	100	\N	\N	\N	0	30	celsius	0	0	0	30	20	t	{"dry": true, "battery": 100, "humidity": 44, "linkquality": 232, "temperature": 24.8, "soil_warning": 20, "soil_moisture": 0, "soil_sampling": 30, "soil_calibration": 0, "temperature_unit": "celsius", "humidity_calibration": 0, "temperature_sampling": 30, "temperature_calibration": 0}	2026-05-12 13:19:56.002033+00	2026-05-12 13:19:56.002216+00
68	0xa4c138a5cfe7b9f0	zigbee2mqtt/0xa4c138a5cfe7b9f0	24.8	44	232	100	\N	\N	\N	0	30	celsius	0	0	0	30	20	t	{"dry": true, "battery": 100, "humidity": 44, "linkquality": 232, "temperature": 24.8, "soil_warning": 20, "soil_moisture": 0, "soil_sampling": 30, "soil_calibration": 0, "temperature_unit": "celsius", "humidity_calibration": 0, "temperature_sampling": 30, "temperature_calibration": 0}	2026-05-12 13:19:56.197196+00	2026-05-12 13:19:56.19748+00
69	0xa4c138a5cfe7b9f0	zigbee2mqtt/0xa4c138a5cfe7b9f0	24.5	44	240	100	\N	\N	\N	0	30	celsius	0	0	0	30	20	t	{"dry": true, "battery": 100, "humidity": 44, "linkquality": 240, "temperature": 24.5, "soil_warning": 20, "soil_moisture": 0, "soil_sampling": 30, "soil_calibration": 0, "temperature_unit": "celsius", "humidity_calibration": 0, "temperature_sampling": 30, "temperature_calibration": 0}	2026-05-12 13:22:57.53198+00	2026-05-12 13:22:57.532132+00
70	0xa4c138a5cfe7b9f0	zigbee2mqtt/0xa4c138a5cfe7b9f0	24.5	44	240	100	\N	\N	\N	0	30	celsius	0	0	0	30	20	t	{"dry": true, "battery": 100, "humidity": 44, "linkquality": 240, "temperature": 24.5, "soil_warning": 20, "soil_moisture": 0, "soil_sampling": 30, "soil_calibration": 0, "temperature_unit": "celsius", "humidity_calibration": 0, "temperature_sampling": 30, "temperature_calibration": 0}	2026-05-12 13:22:57.726562+00	2026-05-12 13:22:57.726742+00
71	0xa4c138a5cfe7b9f0	zigbee2mqtt/0xa4c138a5cfe7b9f0	24.5	44	220	100	\N	\N	\N	0	30	celsius	0	0	0	30	20	t	{"dry": true, "battery": 100, "humidity": 44, "linkquality": 220, "temperature": 24.5, "soil_warning": 20, "soil_moisture": 0, "soil_sampling": 30, "soil_calibration": 0, "temperature_unit": "celsius", "humidity_calibration": 0, "temperature_sampling": 30, "temperature_calibration": 0}	2026-05-12 13:26:15.626147+00	2026-05-12 13:26:15.626313+00
72	0xa4c138391b14a3d1	zigbee2mqtt/0xa4c138391b14a3d1	25.2	42	216	19	35	0	0.6	\N	\N	celsius	\N	\N	\N	\N	\N	\N	{"battery": 19, "humidity": 42, "linkquality": 216, "temperature": 25.2, "max_temperature": 35, "min_temperature": 0, "temperature_sensitivity": 0.6, "temperature_unit_convert": "celsius"}	2026-05-12 13:37:29.278482+00	2026-05-12 13:37:29.27867+00
73	0xa4c138391b14a3d1	zigbee2mqtt/0xa4c138391b14a3d1	25.2	39	216	19	35	0	0.6	\N	\N	celsius	\N	\N	\N	\N	\N	\N	{"battery": 19, "humidity": 39, "linkquality": 216, "temperature": 25.2, "max_temperature": 35, "min_temperature": 0, "temperature_sensitivity": 0.6, "temperature_unit_convert": "celsius"}	2026-05-12 13:37:29.400427+00	2026-05-12 13:37:29.400568+00
74	0xa4c138391b14a3d1	zigbee2mqtt/0xa4c138391b14a3d1	25.2	39	212	19	35	0	0.6	\N	\N	celsius	\N	\N	\N	\N	\N	\N	{"battery": 19, "humidity": 39, "linkquality": 212, "temperature": 25.2, "max_temperature": 35, "min_temperature": 0, "temperature_sensitivity": 0.6, "temperature_unit_convert": "celsius"}	2026-05-12 13:37:29.522907+00	2026-05-12 13:37:29.523079+00
75	0xa4c138a5cfe7b9f0	zigbee2mqtt/0xa4c138a5cfe7b9f0	24.2	44	196	100	\N	\N	\N	0	30	celsius	0	0	0	30	20	t	{"dry": true, "battery": 100, "humidity": 44, "linkquality": 196, "temperature": 24.2, "soil_warning": 20, "soil_moisture": 0, "soil_sampling": 30, "soil_calibration": 0, "temperature_unit": "celsius", "humidity_calibration": 0, "temperature_sampling": 30, "temperature_calibration": 0}	2026-05-12 13:42:07.162872+00	2026-05-12 13:42:07.163195+00
76	0xa4c138a5cfe7b9f0	zigbee2mqtt/0xa4c138a5cfe7b9f0	24.2	42	196	100	\N	\N	\N	0	30	celsius	0	0	0	30	20	t	{"dry": true, "battery": 100, "humidity": 42, "linkquality": 196, "temperature": 24.2, "soil_warning": 20, "soil_moisture": 0, "soil_sampling": 30, "soil_calibration": 0, "temperature_unit": "celsius", "humidity_calibration": 0, "temperature_sampling": 30, "temperature_calibration": 0}	2026-05-12 13:42:07.361892+00	2026-05-12 13:42:07.362073+00
77	0xa4c138391b14a3d1	zigbee2mqtt/0xa4c138391b14a3d1	25.2	39	252	19	35	0	0.6	\N	\N	celsius	\N	\N	\N	\N	\N	\N	{"battery": 19, "humidity": 39, "linkquality": 252, "temperature": 25.2, "max_temperature": 35, "min_temperature": 0, "temperature_sensitivity": 0.6, "temperature_unit_convert": "celsius"}	2026-05-12 13:47:29.304326+00	2026-05-12 13:47:29.30467+00
78	0xa4c138391b14a3d1	zigbee2mqtt/0xa4c138391b14a3d1	25.2	39	248	19	35	0	0.6	\N	\N	celsius	\N	\N	\N	\N	\N	\N	{"battery": 19, "humidity": 39, "linkquality": 248, "temperature": 25.2, "max_temperature": 35, "min_temperature": 0, "temperature_sensitivity": 0.6, "temperature_unit_convert": "celsius"}	2026-05-12 13:47:29.426921+00	2026-05-12 13:47:29.42722+00
79	0xa4c138391b14a3d1	zigbee2mqtt/0xa4c138391b14a3d1	25.2	39	248	19	35	0	0.6	\N	\N	celsius	\N	\N	\N	\N	\N	\N	{"battery": 19, "humidity": 39, "linkquality": 248, "temperature": 25.2, "max_temperature": 35, "min_temperature": 0, "temperature_sensitivity": 0.6, "temperature_unit_convert": "celsius"}	2026-05-12 13:47:29.540437+00	2026-05-12 13:47:29.540844+00
80	0xa4c138391b14a3d1	zigbee2mqtt/0xa4c138391b14a3d1	25.4	39	236	19	35	0	0.6	\N	\N	celsius	\N	\N	\N	\N	\N	\N	{"battery": 19, "humidity": 39, "linkquality": 236, "temperature": 25.4, "max_temperature": 35, "min_temperature": 0, "temperature_sensitivity": 0.6, "temperature_unit_convert": "celsius"}	2026-05-12 13:58:42.193902+00	2026-05-12 13:58:42.194304+00
81	0xa4c138391b14a3d1	zigbee2mqtt/0xa4c138391b14a3d1	25.4	40	240	19	35	0	0.6	\N	\N	celsius	\N	\N	\N	\N	\N	\N	{"battery": 19, "humidity": 40, "linkquality": 240, "temperature": 25.4, "max_temperature": 35, "min_temperature": 0, "temperature_sensitivity": 0.6, "temperature_unit_convert": "celsius"}	2026-05-12 13:58:42.303499+00	2026-05-12 13:58:42.304007+00
82	0xa4c138391b14a3d1	zigbee2mqtt/0xa4c138391b14a3d1	25.4	40	252	19	35	0	0.6	\N	\N	celsius	\N	\N	\N	\N	\N	\N	{"battery": 19, "humidity": 40, "linkquality": 252, "temperature": 25.4, "max_temperature": 35, "min_temperature": 0, "temperature_sensitivity": 0.6, "temperature_unit_convert": "celsius"}	2026-05-12 13:58:42.423693+00	2026-05-12 13:58:42.424167+00
83	0xa4c138a5cfe7b9f0	zigbee2mqtt/0xa4c138a5cfe7b9f0	25.1	42	204	100	\N	\N	\N	0	30	celsius	0	0	0	30	20	t	{"dry": true, "battery": 100, "humidity": 42, "linkquality": 204, "temperature": 25.1, "soil_warning": 20, "soil_moisture": 0, "soil_sampling": 30, "soil_calibration": 0, "temperature_unit": "celsius", "humidity_calibration": 0, "temperature_sampling": 30, "temperature_calibration": 0}	2026-05-12 13:58:45.740072+00	2026-05-12 13:58:45.74048+00
84	0xa4c138a5cfe7b9f0	zigbee2mqtt/0xa4c138a5cfe7b9f0	25.1	44	204	100	\N	\N	\N	0	30	celsius	0	0	0	30	20	t	{"dry": true, "battery": 100, "humidity": 44, "linkquality": 204, "temperature": 25.1, "soil_warning": 20, "soil_moisture": 0, "soil_sampling": 30, "soil_calibration": 0, "temperature_unit": "celsius", "humidity_calibration": 0, "temperature_sampling": 30, "temperature_calibration": 0}	2026-05-12 13:58:45.942218+00	2026-05-12 13:58:45.942594+00
85	0xa4c138391b14a3d1	zigbee2mqtt/0xa4c138391b14a3d1	25.4	40	255	19	35	0	0.6	\N	\N	celsius	\N	\N	\N	\N	\N	\N	{"battery": 19, "humidity": 40, "linkquality": 255, "temperature": 25.4, "max_temperature": 35, "min_temperature": 0, "temperature_sensitivity": 0.6, "temperature_unit_convert": "celsius"}	2026-05-12 13:58:50.604752+00	2026-05-12 13:58:50.60508+00
86	0xa4c138391b14a3d1	zigbee2mqtt/0xa4c138391b14a3d1	25.4	40	255	19	35	0	0.6	\N	\N	celsius	\N	\N	\N	\N	\N	\N	{"battery": 19, "humidity": 40, "linkquality": 255, "temperature": 25.4, "max_temperature": 35, "min_temperature": 0, "temperature_sensitivity": 0.6, "temperature_unit_convert": "celsius"}	2026-05-12 13:58:50.721414+00	2026-05-12 13:58:50.721775+00
87	0xa4c138391b14a3d1	zigbee2mqtt/0xa4c138391b14a3d1	25.4	40	255	19	35	0	0.6	\N	\N	celsius	\N	\N	\N	\N	\N	\N	{"battery": 19, "humidity": 40, "linkquality": 255, "temperature": 25.4, "max_temperature": 35, "min_temperature": 0, "temperature_sensitivity": 0.6, "temperature_unit_convert": "celsius"}	2026-05-12 13:58:50.843528+00	2026-05-12 13:58:50.843968+00
88	0xa4c138391b14a3d1	zigbee2mqtt/0xa4c138391b14a3d1	25.4	40	252	19	35	0	0.6	\N	\N	celsius	\N	\N	\N	\N	\N	\N	{"battery": 19, "humidity": 40, "linkquality": 252, "temperature": 25.4, "max_temperature": 35, "min_temperature": 0, "temperature_sensitivity": 0.6, "temperature_unit_convert": "celsius"}	2026-05-12 13:58:55.623824+00	2026-05-12 13:58:55.624196+00
89	0xa4c138391b14a3d1	zigbee2mqtt/0xa4c138391b14a3d1	25.4	55	248	19	35	0	0.6	\N	\N	celsius	\N	\N	\N	\N	\N	\N	{"battery": 19, "humidity": 55, "linkquality": 248, "temperature": 25.4, "max_temperature": 35, "min_temperature": 0, "temperature_sensitivity": 0.6, "temperature_unit_convert": "celsius"}	2026-05-12 13:58:55.74173+00	2026-05-12 13:58:55.742183+00
90	0xa4c138391b14a3d1	zigbee2mqtt/0xa4c138391b14a3d1	25.4	55	248	19	35	0	0.6	\N	\N	celsius	\N	\N	\N	\N	\N	\N	{"battery": 19, "humidity": 55, "linkquality": 248, "temperature": 25.4, "max_temperature": 35, "min_temperature": 0, "temperature_sensitivity": 0.6, "temperature_unit_convert": "celsius"}	2026-05-12 13:58:55.866849+00	2026-05-12 13:58:55.867548+00
91	0xa4c138391b14a3d1	zigbee2mqtt/0xa4c138391b14a3d1	25.5	55	220	19	35	0	0.6	\N	\N	celsius	\N	\N	\N	\N	\N	\N	{"battery": 19, "humidity": 55, "linkquality": 220, "temperature": 25.5, "max_temperature": 35, "min_temperature": 0, "temperature_sensitivity": 0.6, "temperature_unit_convert": "celsius"}	2026-05-12 13:59:34.299271+00	2026-05-12 13:59:34.299467+00
92	0xa4c138391b14a3d1	zigbee2mqtt/0xa4c138391b14a3d1	25.5	42	220	19	35	0	0.6	\N	\N	celsius	\N	\N	\N	\N	\N	\N	{"battery": 19, "humidity": 42, "linkquality": 220, "temperature": 25.5, "max_temperature": 35, "min_temperature": 0, "temperature_sensitivity": 0.6, "temperature_unit_convert": "celsius"}	2026-05-12 13:59:34.415877+00	2026-05-12 13:59:34.41603+00
93	0xa4c138391b14a3d1	zigbee2mqtt/0xa4c138391b14a3d1	25.5	42	216	19	35	0	0.6	\N	\N	celsius	\N	\N	\N	\N	\N	\N	{"battery": 19, "humidity": 42, "linkquality": 216, "temperature": 25.5, "max_temperature": 35, "min_temperature": 0, "temperature_sensitivity": 0.6, "temperature_unit_convert": "celsius"}	2026-05-12 13:59:34.539514+00	2026-05-12 13:59:34.540036+00
94	0xa4c138a5cfe7b9f0	zigbee2mqtt/0xa4c138a5cfe7b9f0	24.8	44	196	100	\N	\N	\N	0	30	celsius	0	0	0	30	20	t	{"dry": true, "battery": 100, "humidity": 44, "linkquality": 196, "temperature": 24.8, "soil_warning": 20, "soil_moisture": 0, "soil_sampling": 30, "soil_calibration": 0, "temperature_unit": "celsius", "humidity_calibration": 0, "temperature_sampling": 30, "temperature_calibration": 0}	2026-05-12 14:00:16.539473+00	2026-05-12 14:00:16.539664+00
95	0xa4c138a5cfe7b9f0	zigbee2mqtt/0xa4c138a5cfe7b9f0	24.8	41	192	100	\N	\N	\N	0	30	celsius	0	0	0	30	20	t	{"dry": true, "battery": 100, "humidity": 41, "linkquality": 192, "temperature": 24.8, "soil_warning": 20, "soil_moisture": 0, "soil_sampling": 30, "soil_calibration": 0, "temperature_unit": "celsius", "humidity_calibration": 0, "temperature_sampling": 30, "temperature_calibration": 0}	2026-05-12 14:00:16.744205+00	2026-05-12 14:00:16.744428+00
96	0xa4c138a5cfe7b9f0	zigbee2mqtt/0xa4c138a5cfe7b9f0	24.5	41	188	100	\N	\N	\N	0	30	celsius	0	0	0	30	20	t	{"dry": true, "battery": 100, "humidity": 41, "linkquality": 188, "temperature": 24.5, "soil_warning": 20, "soil_moisture": 0, "soil_sampling": 30, "soil_calibration": 0, "temperature_unit": "celsius", "humidity_calibration": 0, "temperature_sampling": 30, "temperature_calibration": 0}	2026-05-12 14:01:47.340061+00	2026-05-12 14:01:47.340278+00
97	0xa4c138a5cfe7b9f0	zigbee2mqtt/0xa4c138a5cfe7b9f0	24.5	41	188	100	\N	\N	\N	0	30	celsius	0	0	0	30	20	t	{"dry": true, "battery": 100, "humidity": 41, "linkquality": 188, "temperature": 24.5, "soil_warning": 20, "soil_moisture": 0, "soil_sampling": 30, "soil_calibration": 0, "temperature_unit": "celsius", "humidity_calibration": 0, "temperature_sampling": 30, "temperature_calibration": 0}	2026-05-12 14:01:47.543525+00	2026-05-12 14:01:47.543709+00
98	0xa4c138a5cfe7b9f0	zigbee2mqtt/0xa4c138a5cfe7b9f0	24.2	41	204	100	\N	\N	\N	0	30	celsius	0	0	0	30	20	t	{"dry": true, "battery": 100, "humidity": 41, "linkquality": 204, "temperature": 24.2, "soil_warning": 20, "soil_moisture": 0, "soil_sampling": 30, "soil_calibration": 0, "temperature_unit": "celsius", "humidity_calibration": 0, "temperature_sampling": 30, "temperature_calibration": 0}	2026-05-12 14:06:19.759742+00	2026-05-12 14:06:19.760251+00
99	0xa4c138a5cfe7b9f0	zigbee2mqtt/0xa4c138a5cfe7b9f0	24.2	41	204	100	\N	\N	\N	0	30	celsius	0	0	0	30	20	t	{"dry": true, "battery": 100, "humidity": 41, "linkquality": 204, "temperature": 24.2, "soil_warning": 20, "soil_moisture": 0, "soil_sampling": 30, "soil_calibration": 0, "temperature_unit": "celsius", "humidity_calibration": 0, "temperature_sampling": 30, "temperature_calibration": 0}	2026-05-12 14:06:19.954784+00	2026-05-12 14:06:19.955178+00
100	0xa4c138391b14a3d1	zigbee2mqtt/0xa4c138391b14a3d1	25.3	42	248	19	35	0	0.6	\N	\N	celsius	\N	\N	\N	\N	\N	\N	{"battery": 19, "humidity": 42, "linkquality": 248, "temperature": 25.3, "max_temperature": 35, "min_temperature": 0, "temperature_sensitivity": 0.6, "temperature_unit_convert": "celsius"}	2026-05-12 14:08:07.456798+00	2026-05-12 14:08:07.457188+00
101	0xa4c138391b14a3d1	zigbee2mqtt/0xa4c138391b14a3d1	25.3	39	252	19	35	0	0.6	\N	\N	celsius	\N	\N	\N	\N	\N	\N	{"battery": 19, "humidity": 39, "linkquality": 252, "temperature": 25.3, "max_temperature": 35, "min_temperature": 0, "temperature_sensitivity": 0.6, "temperature_unit_convert": "celsius"}	2026-05-12 14:08:07.573675+00	2026-05-12 14:08:07.574107+00
102	0xa4c138391b14a3d1	zigbee2mqtt/0xa4c138391b14a3d1	25.3	39	252	19	35	0	0.6	\N	\N	celsius	\N	\N	\N	\N	\N	\N	{"battery": 19, "humidity": 39, "linkquality": 252, "temperature": 25.3, "max_temperature": 35, "min_temperature": 0, "temperature_sensitivity": 0.6, "temperature_unit_convert": "celsius"}	2026-05-12 14:08:07.689281+00	2026-05-12 14:08:07.689566+00
103	0xa4c138391b14a3d1	zigbee2mqtt/0xa4c138391b14a3d1	25.4	39	255	19	35	0	0.6	\N	\N	celsius	\N	\N	\N	\N	\N	\N	{"battery": 19, "humidity": 39, "linkquality": 255, "temperature": 25.4, "max_temperature": 35, "min_temperature": 0, "temperature_sensitivity": 0.6, "temperature_unit_convert": "celsius"}	2026-05-12 14:08:35.785864+00	2026-05-12 14:08:35.786338+00
104	0xa4c138391b14a3d1	zigbee2mqtt/0xa4c138391b14a3d1	25.4	51	255	19	35	0	0.6	\N	\N	celsius	\N	\N	\N	\N	\N	\N	{"battery": 19, "humidity": 51, "linkquality": 255, "temperature": 25.4, "max_temperature": 35, "min_temperature": 0, "temperature_sensitivity": 0.6, "temperature_unit_convert": "celsius"}	2026-05-12 14:08:35.90586+00	2026-05-12 14:08:35.906319+00
105	0xa4c138391b14a3d1	zigbee2mqtt/0xa4c138391b14a3d1	25.4	51	255	19	35	0	0.6	\N	\N	celsius	\N	\N	\N	\N	\N	\N	{"battery": 19, "humidity": 51, "linkquality": 255, "temperature": 25.4, "max_temperature": 35, "min_temperature": 0, "temperature_sensitivity": 0.6, "temperature_unit_convert": "celsius"}	2026-05-12 14:08:36.02266+00	2026-05-12 14:08:36.022893+00
106	0xa4c138391b14a3d1	zigbee2mqtt/0xa4c138391b14a3d1	25.5	51	255	19	35	0	0.6	\N	\N	celsius	\N	\N	\N	\N	\N	\N	{"battery": 19, "humidity": 51, "linkquality": 255, "temperature": 25.5, "max_temperature": 35, "min_temperature": 0, "temperature_sensitivity": 0.6, "temperature_unit_convert": "celsius"}	2026-05-12 14:09:36.285564+00	2026-05-12 14:09:36.285794+00
107	0xa4c138391b14a3d1	zigbee2mqtt/0xa4c138391b14a3d1	25.5	40	255	19	35	0	0.6	\N	\N	celsius	\N	\N	\N	\N	\N	\N	{"battery": 19, "humidity": 40, "linkquality": 255, "temperature": 25.5, "max_temperature": 35, "min_temperature": 0, "temperature_sensitivity": 0.6, "temperature_unit_convert": "celsius"}	2026-05-12 14:09:36.402843+00	2026-05-12 14:09:36.403079+00
108	0xa4c138391b14a3d1	zigbee2mqtt/0xa4c138391b14a3d1	25.5	40	255	19	35	0	0.6	\N	\N	celsius	\N	\N	\N	\N	\N	\N	{"battery": 19, "humidity": 40, "linkquality": 255, "temperature": 25.5, "max_temperature": 35, "min_temperature": 0, "temperature_sensitivity": 0.6, "temperature_unit_convert": "celsius"}	2026-05-12 14:09:36.521908+00	2026-05-12 14:09:36.522062+00
109	0xa4c138391b14a3d1	zigbee2mqtt/0xa4c138391b14a3d1	25.5	40	255	19	35	0	0.6	\N	\N	celsius	\N	\N	\N	\N	\N	\N	{"battery": 19, "humidity": 40, "linkquality": 255, "temperature": 25.5, "max_temperature": 35, "min_temperature": 0, "temperature_sensitivity": 0.6, "temperature_unit_convert": "celsius"}	2026-05-12 14:15:12.634667+00	2026-05-12 14:15:12.634933+00
110	0xa4c138391b14a3d1	zigbee2mqtt/0xa4c138391b14a3d1	25.5	41	255	19	35	0	0.6	\N	\N	celsius	\N	\N	\N	\N	\N	\N	{"battery": 19, "humidity": 41, "linkquality": 255, "temperature": 25.5, "max_temperature": 35, "min_temperature": 0, "temperature_sensitivity": 0.6, "temperature_unit_convert": "celsius"}	2026-05-12 14:15:12.756639+00	2026-05-12 14:15:12.756851+00
111	0xa4c138391b14a3d1	zigbee2mqtt/0xa4c138391b14a3d1	25.5	41	255	19	35	0	0.6	\N	\N	celsius	\N	\N	\N	\N	\N	\N	{"battery": 19, "humidity": 41, "linkquality": 255, "temperature": 25.5, "max_temperature": 35, "min_temperature": 0, "temperature_sensitivity": 0.6, "temperature_unit_convert": "celsius"}	2026-05-12 14:15:12.888183+00	2026-05-12 14:15:12.888377+00
112	0xa4c138391b14a3d1	zigbee2mqtt/0xa4c138391b14a3d1	25.6	41	255	19	35	0	0.6	\N	\N	celsius	\N	\N	\N	\N	\N	\N	{"battery": 19, "humidity": 41, "linkquality": 255, "temperature": 25.6, "max_temperature": 35, "min_temperature": 0, "temperature_sensitivity": 0.6, "temperature_unit_convert": "celsius"}	2026-05-12 14:15:19.276408+00	2026-05-12 14:15:19.276657+00
113	0xa4c138391b14a3d1	zigbee2mqtt/0xa4c138391b14a3d1	25.6	55	255	19	35	0	0.6	\N	\N	celsius	\N	\N	\N	\N	\N	\N	{"battery": 19, "humidity": 55, "linkquality": 255, "temperature": 25.6, "max_temperature": 35, "min_temperature": 0, "temperature_sensitivity": 0.6, "temperature_unit_convert": "celsius"}	2026-05-12 14:15:19.397785+00	2026-05-12 14:15:19.397985+00
114	0xa4c138391b14a3d1	zigbee2mqtt/0xa4c138391b14a3d1	25.6	55	255	19	35	0	0.6	\N	\N	celsius	\N	\N	\N	\N	\N	\N	{"battery": 19, "humidity": 55, "linkquality": 255, "temperature": 25.6, "max_temperature": 35, "min_temperature": 0, "temperature_sensitivity": 0.6, "temperature_unit_convert": "celsius"}	2026-05-12 14:15:19.517173+00	2026-05-12 14:15:19.517451+00
115	0xa4c138391b14a3d1	zigbee2mqtt/0xa4c138391b14a3d1	25.6	55	255	19	35	0	0.6	\N	\N	celsius	\N	\N	\N	\N	\N	\N	{"battery": 19, "humidity": 55, "linkquality": 255, "temperature": 25.6, "max_temperature": 35, "min_temperature": 0, "temperature_sensitivity": 0.6, "temperature_unit_convert": "celsius"}	2026-05-12 14:15:21.901481+00	2026-05-12 14:15:21.901675+00
116	0xa4c138391b14a3d1	zigbee2mqtt/0xa4c138391b14a3d1	25.6	55	255	19	35	0	0.6	\N	\N	celsius	\N	\N	\N	\N	\N	\N	{"battery": 19, "humidity": 55, "linkquality": 255, "temperature": 25.6, "max_temperature": 35, "min_temperature": 0, "temperature_sensitivity": 0.6, "temperature_unit_convert": "celsius"}	2026-05-12 14:15:22.018657+00	2026-05-12 14:15:22.019005+00
117	0xa4c138391b14a3d1	zigbee2mqtt/0xa4c138391b14a3d1	25.6	55	255	19	35	0	0.6	\N	\N	celsius	\N	\N	\N	\N	\N	\N	{"battery": 19, "humidity": 55, "linkquality": 255, "temperature": 25.6, "max_temperature": 35, "min_temperature": 0, "temperature_sensitivity": 0.6, "temperature_unit_convert": "celsius"}	2026-05-12 14:15:22.140141+00	2026-05-12 14:15:22.140655+00
118	0xa4c138391b14a3d1	zigbee2mqtt/0xa4c138391b14a3d1	25.6	55	255	19	35	0	0.6	\N	\N	celsius	\N	\N	\N	\N	\N	\N	{"battery": 19, "humidity": 55, "linkquality": 255, "temperature": 25.6, "max_temperature": 35, "min_temperature": 0, "temperature_sensitivity": 0.6, "temperature_unit_convert": "celsius"}	2026-05-12 14:15:29.098449+00	2026-05-12 14:15:29.09888+00
119	0xa4c138391b14a3d1	zigbee2mqtt/0xa4c138391b14a3d1	25.6	55	255	19	35	0	0.6	\N	\N	celsius	\N	\N	\N	\N	\N	\N	{"battery": 19, "humidity": 55, "linkquality": 255, "temperature": 25.6, "max_temperature": 35, "min_temperature": 0, "temperature_sensitivity": 0.6, "temperature_unit_convert": "celsius"}	2026-05-12 14:15:29.227185+00	2026-05-12 14:15:29.22766+00
120	0xa4c138391b14a3d1	zigbee2mqtt/0xa4c138391b14a3d1	25.6	55	255	19	35	0	0.6	\N	\N	celsius	\N	\N	\N	\N	\N	\N	{"battery": 19, "humidity": 55, "linkquality": 255, "temperature": 25.6, "max_temperature": 35, "min_temperature": 0, "temperature_sensitivity": 0.6, "temperature_unit_convert": "celsius"}	2026-05-12 14:15:29.334841+00	2026-05-12 14:15:29.335134+00
121	0xa4c138391b14a3d1	zigbee2mqtt/0xa4c138391b14a3d1	25.8	55	204	19	35	0	0.6	\N	\N	celsius	\N	\N	\N	\N	\N	\N	{"battery": 19, "humidity": 55, "linkquality": 204, "temperature": 25.8, "max_temperature": 35, "min_temperature": 0, "temperature_sensitivity": 0.6, "temperature_unit_convert": "celsius"}	2026-05-12 14:16:41.267155+00	2026-05-12 14:16:41.267585+00
122	0xa4c138391b14a3d1	zigbee2mqtt/0xa4c138391b14a3d1	25.8	41	200	19	35	0	0.6	\N	\N	celsius	\N	\N	\N	\N	\N	\N	{"battery": 19, "humidity": 41, "linkquality": 200, "temperature": 25.8, "max_temperature": 35, "min_temperature": 0, "temperature_sensitivity": 0.6, "temperature_unit_convert": "celsius"}	2026-05-12 14:16:41.390178+00	2026-05-12 14:16:41.390432+00
123	0xa4c138391b14a3d1	zigbee2mqtt/0xa4c138391b14a3d1	25.8	41	220	19	35	0	0.6	\N	\N	celsius	\N	\N	\N	\N	\N	\N	{"battery": 19, "humidity": 41, "linkquality": 220, "temperature": 25.8, "max_temperature": 35, "min_temperature": 0, "temperature_sensitivity": 0.6, "temperature_unit_convert": "celsius"}	2026-05-12 14:16:41.521264+00	2026-05-12 14:16:41.521444+00
124	0xa4c138391b14a3d1	zigbee2mqtt/0xa4c138391b14a3d1	25.7	41	248	19	35	0	0.6	\N	\N	celsius	\N	\N	\N	\N	\N	\N	{"battery": 19, "humidity": 41, "linkquality": 248, "temperature": 25.7, "max_temperature": 35, "min_temperature": 0, "temperature_sensitivity": 0.6, "temperature_unit_convert": "celsius"}	2026-05-12 14:18:03.6878+00	2026-05-12 14:18:03.688411+00
125	0xa4c138391b14a3d1	zigbee2mqtt/0xa4c138391b14a3d1	25.7	40	248	19	35	0	0.6	\N	\N	celsius	\N	\N	\N	\N	\N	\N	{"battery": 19, "humidity": 40, "linkquality": 248, "temperature": 25.7, "max_temperature": 35, "min_temperature": 0, "temperature_sensitivity": 0.6, "temperature_unit_convert": "celsius"}	2026-05-12 14:18:03.816647+00	2026-05-12 14:18:03.816789+00
126	0xa4c138391b14a3d1	zigbee2mqtt/0xa4c138391b14a3d1	25.7	40	244	19	35	0	0.6	\N	\N	celsius	\N	\N	\N	\N	\N	\N	{"battery": 19, "humidity": 40, "linkquality": 244, "temperature": 25.7, "max_temperature": 35, "min_temperature": 0, "temperature_sensitivity": 0.6, "temperature_unit_convert": "celsius"}	2026-05-12 14:18:03.932839+00	2026-05-12 14:18:03.93307+00
127	0xa4c138a5cfe7b9f0	zigbee2mqtt/0xa4c138a5cfe7b9f0	24.2	41	244	100	\N	\N	\N	0	30	celsius	0	2	0	30	20	t	{"dry": true, "battery": 100, "humidity": 41, "linkquality": 244, "temperature": 24.2, "soil_warning": 20, "soil_moisture": 2, "soil_sampling": 30, "soil_calibration": 0, "temperature_unit": "celsius", "humidity_calibration": 0, "temperature_sampling": 30, "temperature_calibration": 0}	2026-05-12 14:20:21.013976+00	2026-05-12 14:20:21.014297+00
128	0xa4c138a5cfe7b9f0	zigbee2mqtt/0xa4c138a5cfe7b9f0	25.4	41	255	100	\N	\N	\N	0	30	celsius	0	2	0	30	20	t	{"dry": true, "battery": 100, "humidity": 41, "linkquality": 255, "temperature": 25.4, "soil_warning": 20, "soil_moisture": 2, "soil_sampling": 30, "soil_calibration": 0, "temperature_unit": "celsius", "humidity_calibration": 0, "temperature_sampling": 30, "temperature_calibration": 0}	2026-05-12 14:20:26.473912+00	2026-05-12 14:20:26.474177+00
129	0xa4c138a5cfe7b9f0	zigbee2mqtt/0xa4c138a5cfe7b9f0	25.4	48	255	100	\N	\N	\N	0	30	celsius	0	2	0	30	20	t	{"dry": true, "battery": 100, "humidity": 48, "linkquality": 255, "temperature": 25.4, "soil_warning": 20, "soil_moisture": 2, "soil_sampling": 30, "soil_calibration": 0, "temperature_unit": "celsius", "humidity_calibration": 0, "temperature_sampling": 30, "temperature_calibration": 0}	2026-05-12 14:20:26.665557+00	2026-05-12 14:20:26.666543+00
130	0xa4c138a5cfe7b9f0	zigbee2mqtt/0xa4c138a5cfe7b9f0	25.4	48	224	100	\N	\N	\N	0	30	celsius	0	0	0	30	20	t	{"dry": true, "battery": 100, "humidity": 48, "linkquality": 224, "temperature": 25.4, "soil_warning": 20, "soil_moisture": 0, "soil_sampling": 30, "soil_calibration": 0, "temperature_unit": "celsius", "humidity_calibration": 0, "temperature_sampling": 30, "temperature_calibration": 0}	2026-05-12 14:20:51.025739+00	2026-05-12 14:20:51.026095+00
131	0xa4c138a5cfe7b9f0	zigbee2mqtt/0xa4c138a5cfe7b9f0	26.3	48	220	100	\N	\N	\N	0	30	celsius	0	0	0	30	20	t	{"dry": true, "battery": 100, "humidity": 48, "linkquality": 220, "temperature": 26.3, "soil_warning": 20, "soil_moisture": 0, "soil_sampling": 30, "soil_calibration": 0, "temperature_unit": "celsius", "humidity_calibration": 0, "temperature_sampling": 30, "temperature_calibration": 0}	2026-05-12 14:20:56.657987+00	2026-05-12 14:20:56.658296+00
132	0xa4c138a5cfe7b9f0	zigbee2mqtt/0xa4c138a5cfe7b9f0	26.3	48	220	100	\N	\N	\N	0	30	celsius	0	0	0	30	20	t	{"dry": true, "battery": 100, "humidity": 48, "linkquality": 220, "temperature": 26.3, "soil_warning": 20, "soil_moisture": 0, "soil_sampling": 30, "soil_calibration": 0, "temperature_unit": "celsius", "humidity_calibration": 0, "temperature_sampling": 30, "temperature_calibration": 0}	2026-05-12 14:20:56.860704+00	2026-05-12 14:20:56.861628+00
133	0xa4c138a5cfe7b9f0	zigbee2mqtt/0xa4c138a5cfe7b9f0	26.3	48	228	100	\N	\N	\N	0	30	celsius	0	0	0	30	20	t	{"dry": true, "battery": 100, "humidity": 48, "linkquality": 228, "temperature": 26.3, "soil_warning": 20, "soil_moisture": 0, "soil_sampling": 30, "soil_calibration": 0, "temperature_unit": "celsius", "humidity_calibration": 0, "temperature_sampling": 30, "temperature_calibration": 0}	2026-05-12 14:21:21.03325+00	2026-05-12 14:21:21.033408+00
134	0xa4c138a5cfe7b9f0	zigbee2mqtt/0xa4c138a5cfe7b9f0	25.9	48	216	100	\N	\N	\N	0	30	celsius	0	0	0	30	20	t	{"dry": true, "battery": 100, "humidity": 48, "linkquality": 216, "temperature": 25.9, "soil_warning": 20, "soil_moisture": 0, "soil_sampling": 30, "soil_calibration": 0, "temperature_unit": "celsius", "humidity_calibration": 0, "temperature_sampling": 30, "temperature_calibration": 0}	2026-05-12 14:21:26.858921+00	2026-05-12 14:21:26.859186+00
135	0xa4c138a5cfe7b9f0	zigbee2mqtt/0xa4c138a5cfe7b9f0	25.9	42	216	100	\N	\N	\N	0	30	celsius	0	0	0	30	20	t	{"dry": true, "battery": 100, "humidity": 42, "linkquality": 216, "temperature": 25.9, "soil_warning": 20, "soil_moisture": 0, "soil_sampling": 30, "soil_calibration": 0, "temperature_unit": "celsius", "humidity_calibration": 0, "temperature_sampling": 30, "temperature_calibration": 0}	2026-05-12 14:21:27.060533+00	2026-05-12 14:21:27.06078+00
136	0xa4c138a5cfe7b9f0	zigbee2mqtt/0xa4c138a5cfe7b9f0	25.9	42	228	100	\N	\N	\N	0	30	celsius	0	0	0	30	20	t	{"dry": true, "battery": 100, "humidity": 42, "linkquality": 228, "temperature": 25.9, "soil_warning": 20, "soil_moisture": 0, "soil_sampling": 30, "soil_calibration": 0, "temperature_unit": "celsius", "humidity_calibration": 0, "temperature_sampling": 30, "temperature_calibration": 0}	2026-05-12 14:21:51.036811+00	2026-05-12 14:21:51.03718+00
137	0xa4c138a5cfe7b9f0	zigbee2mqtt/0xa4c138a5cfe7b9f0	25.6	42	216	100	\N	\N	\N	0	30	celsius	0	0	0	30	20	t	{"dry": true, "battery": 100, "humidity": 42, "linkquality": 216, "temperature": 25.6, "soil_warning": 20, "soil_moisture": 0, "soil_sampling": 30, "soil_calibration": 0, "temperature_unit": "celsius", "humidity_calibration": 0, "temperature_sampling": 30, "temperature_calibration": 0}	2026-05-12 14:21:57.06104+00	2026-05-12 14:21:57.061248+00
138	0xa4c138a5cfe7b9f0	zigbee2mqtt/0xa4c138a5cfe7b9f0	25.6	41	216	100	\N	\N	\N	0	30	celsius	0	0	0	30	20	t	{"dry": true, "battery": 100, "humidity": 41, "linkquality": 216, "temperature": 25.6, "soil_warning": 20, "soil_moisture": 0, "soil_sampling": 30, "soil_calibration": 0, "temperature_unit": "celsius", "humidity_calibration": 0, "temperature_sampling": 30, "temperature_calibration": 0}	2026-05-12 14:21:57.251567+00	2026-05-12 14:21:57.251768+00
139	0xa4c138a5cfe7b9f0	zigbee2mqtt/0xa4c138a5cfe7b9f0	25.3	41	204	100	\N	\N	\N	0	30	celsius	0	0	0	30	20	t	{"dry": true, "battery": 100, "humidity": 41, "linkquality": 204, "temperature": 25.3, "soil_warning": 20, "soil_moisture": 0, "soil_sampling": 30, "soil_calibration": 0, "temperature_unit": "celsius", "humidity_calibration": 0, "temperature_sampling": 30, "temperature_calibration": 0}	2026-05-12 14:22:27.307632+00	2026-05-12 14:22:27.307932+00
140	0xa4c138a5cfe7b9f0	zigbee2mqtt/0xa4c138a5cfe7b9f0	25.3	41	204	100	\N	\N	\N	0	30	celsius	0	0	0	30	20	t	{"dry": true, "battery": 100, "humidity": 41, "linkquality": 204, "temperature": 25.3, "soil_warning": 20, "soil_moisture": 0, "soil_sampling": 30, "soil_calibration": 0, "temperature_unit": "celsius", "humidity_calibration": 0, "temperature_sampling": 30, "temperature_calibration": 0}	2026-05-12 14:22:27.511534+00	2026-05-12 14:22:27.511746+00
141	0xa4c138391b14a3d1	zigbee2mqtt/0xa4c138391b14a3d1	25.6	40	255	19	35	0	0.6	\N	\N	celsius	\N	\N	\N	\N	\N	\N	{"battery": 19, "humidity": 40, "linkquality": 255, "temperature": 25.6, "max_temperature": 35, "min_temperature": 0, "temperature_sensitivity": 0.6, "temperature_unit_convert": "celsius"}	2026-05-12 14:22:36.536423+00	2026-05-12 14:22:36.536575+00
142	0xa4c138391b14a3d1	zigbee2mqtt/0xa4c138391b14a3d1	25.6	41	255	19	35	0	0.6	\N	\N	celsius	\N	\N	\N	\N	\N	\N	{"battery": 19, "humidity": 41, "linkquality": 255, "temperature": 25.6, "max_temperature": 35, "min_temperature": 0, "temperature_sensitivity": 0.6, "temperature_unit_convert": "celsius"}	2026-05-12 14:22:36.663355+00	2026-05-12 14:22:36.663689+00
143	0xa4c138391b14a3d1	zigbee2mqtt/0xa4c138391b14a3d1	25.6	41	255	19	35	0	0.6	\N	\N	celsius	\N	\N	\N	\N	\N	\N	{"battery": 19, "humidity": 41, "linkquality": 255, "temperature": 25.6, "max_temperature": 35, "min_temperature": 0, "temperature_sensitivity": 0.6, "temperature_unit_convert": "celsius"}	2026-05-12 14:22:36.778768+00	2026-05-12 14:22:36.779062+00
144	0xa4c138391b14a3d1	zigbee2mqtt/0xa4c138391b14a3d1	25.6	41	255	19	35	0	0.6	\N	\N	celsius	\N	\N	\N	\N	\N	\N	{"battery": 19, "humidity": 41, "linkquality": 255, "temperature": 25.6, "max_temperature": 35, "min_temperature": 0, "temperature_sensitivity": 0.6, "temperature_unit_convert": "celsius"}	2026-05-12 14:22:43.7522+00	2026-05-12 14:22:43.752383+00
145	0xa4c138391b14a3d1	zigbee2mqtt/0xa4c138391b14a3d1	25.6	54	255	19	35	0	0.6	\N	\N	celsius	\N	\N	\N	\N	\N	\N	{"battery": 19, "humidity": 54, "linkquality": 255, "temperature": 25.6, "max_temperature": 35, "min_temperature": 0, "temperature_sensitivity": 0.6, "temperature_unit_convert": "celsius"}	2026-05-12 14:22:43.877566+00	2026-05-12 14:22:43.877877+00
146	0xa4c138391b14a3d1	zigbee2mqtt/0xa4c138391b14a3d1	25.6	54	255	19	35	0	0.6	\N	\N	celsius	\N	\N	\N	\N	\N	\N	{"battery": 19, "humidity": 54, "linkquality": 255, "temperature": 25.6, "max_temperature": 35, "min_temperature": 0, "temperature_sensitivity": 0.6, "temperature_unit_convert": "celsius"}	2026-05-12 14:22:43.995619+00	2026-05-12 14:22:43.995874+00
147	0xa4c138a5cfe7b9f0	zigbee2mqtt/0xa4c138a5cfe7b9f0	24.9	41	204	100	\N	\N	\N	0	30	celsius	0	0	0	30	20	t	{"dry": true, "battery": 100, "humidity": 41, "linkquality": 204, "temperature": 24.9, "soil_warning": 20, "soil_moisture": 0, "soil_sampling": 30, "soil_calibration": 0, "temperature_unit": "celsius", "humidity_calibration": 0, "temperature_sampling": 30, "temperature_calibration": 0}	2026-05-12 14:23:27.806153+00	2026-05-12 14:23:27.806965+00
148	0xa4c138a5cfe7b9f0	zigbee2mqtt/0xa4c138a5cfe7b9f0	24.9	41	208	100	\N	\N	\N	0	30	celsius	0	0	0	30	20	t	{"dry": true, "battery": 100, "humidity": 41, "linkquality": 208, "temperature": 24.9, "soil_warning": 20, "soil_moisture": 0, "soil_sampling": 30, "soil_calibration": 0, "temperature_unit": "celsius", "humidity_calibration": 0, "temperature_sampling": 30, "temperature_calibration": 0}	2026-05-12 14:23:28.001826+00	2026-05-12 14:23:28.00212+00
149	0xa4c138391b14a3d1	zigbee2mqtt/0xa4c138391b14a3d1	25.7	54	216	19	35	0	0.6	\N	\N	celsius	\N	\N	\N	\N	\N	\N	{"battery": 19, "humidity": 54, "linkquality": 216, "temperature": 25.7, "max_temperature": 35, "min_temperature": 0, "temperature_sensitivity": 0.6, "temperature_unit_convert": "celsius"}	2026-05-12 14:23:44.24852+00	2026-05-12 14:23:44.248799+00
150	0xa4c138391b14a3d1	zigbee2mqtt/0xa4c138391b14a3d1	25.7	41	216	19	35	0	0.6	\N	\N	celsius	\N	\N	\N	\N	\N	\N	{"battery": 19, "humidity": 41, "linkquality": 216, "temperature": 25.7, "max_temperature": 35, "min_temperature": 0, "temperature_sensitivity": 0.6, "temperature_unit_convert": "celsius"}	2026-05-12 14:23:44.375474+00	2026-05-12 14:23:44.375652+00
151	0xa4c138391b14a3d1	zigbee2mqtt/0xa4c138391b14a3d1	25.7	41	220	19	35	0	0.6	\N	\N	celsius	\N	\N	\N	\N	\N	\N	{"battery": 19, "humidity": 41, "linkquality": 220, "temperature": 25.7, "max_temperature": 35, "min_temperature": 0, "temperature_sensitivity": 0.6, "temperature_unit_convert": "celsius"}	2026-05-12 14:23:44.491596+00	2026-05-12 14:23:44.491763+00
152	0xa4c138a5cfe7b9f0	zigbee2mqtt/0xa4c138a5cfe7b9f0	24.6	41	204	100	\N	\N	\N	0	30	celsius	0	0	0	30	20	t	{"dry": true, "battery": 100, "humidity": 41, "linkquality": 204, "temperature": 24.6, "soil_warning": 20, "soil_moisture": 0, "soil_sampling": 30, "soil_calibration": 0, "temperature_unit": "celsius", "humidity_calibration": 0, "temperature_sampling": 30, "temperature_calibration": 0}	2026-05-12 14:24:58.549034+00	2026-05-12 14:24:58.549387+00
153	0xa4c138a5cfe7b9f0	zigbee2mqtt/0xa4c138a5cfe7b9f0	24.6	41	208	100	\N	\N	\N	0	30	celsius	0	0	0	30	20	t	{"dry": true, "battery": 100, "humidity": 41, "linkquality": 208, "temperature": 24.6, "soil_warning": 20, "soil_moisture": 0, "soil_sampling": 30, "soil_calibration": 0, "temperature_unit": "celsius", "humidity_calibration": 0, "temperature_sampling": 30, "temperature_calibration": 0}	2026-05-12 14:24:58.74368+00	2026-05-12 14:24:58.743931+00
154	0xa4c138a5cfe7b9f0	zigbee2mqtt/0xa4c138a5cfe7b9f0	24.3	41	236	100	\N	\N	\N	0	30	celsius	0	0	0	30	20	t	{"dry": true, "battery": 100, "humidity": 41, "linkquality": 236, "temperature": 24.3, "soil_warning": 20, "soil_moisture": 0, "soil_sampling": 30, "soil_calibration": 0, "temperature_unit": "celsius", "humidity_calibration": 0, "temperature_sampling": 30, "temperature_calibration": 0}	2026-05-12 14:27:29.797912+00	2026-05-12 14:27:29.79827+00
155	0xa4c138a5cfe7b9f0	zigbee2mqtt/0xa4c138a5cfe7b9f0	24.3	41	236	100	\N	\N	\N	0	30	celsius	0	0	0	30	20	t	{"dry": true, "battery": 100, "humidity": 41, "linkquality": 236, "temperature": 24.3, "soil_warning": 20, "soil_moisture": 0, "soil_sampling": 30, "soil_calibration": 0, "temperature_unit": "celsius", "humidity_calibration": 0, "temperature_sampling": 30, "temperature_calibration": 0}	2026-05-12 14:27:29.997851+00	2026-05-12 14:27:29.998116+00
156	0xa4c138391b14a3d1	zigbee2mqtt/0xa4c138391b14a3d1	25.2	41	252	19	35	0	0.6	\N	\N	celsius	\N	\N	\N	\N	\N	\N	{"battery": 19, "humidity": 41, "linkquality": 252, "temperature": 25.2, "max_temperature": 35, "min_temperature": 0, "temperature_sensitivity": 0.6, "temperature_unit_convert": "celsius"}	2026-05-12 14:32:36.51589+00	2026-05-12 14:32:36.516065+00
157	0xa4c138391b14a3d1	zigbee2mqtt/0xa4c138391b14a3d1	25.2	40	248	19	35	0	0.6	\N	\N	celsius	\N	\N	\N	\N	\N	\N	{"battery": 19, "humidity": 40, "linkquality": 248, "temperature": 25.2, "max_temperature": 35, "min_temperature": 0, "temperature_sensitivity": 0.6, "temperature_unit_convert": "celsius"}	2026-05-12 14:32:36.639697+00	2026-05-12 14:32:36.639906+00
158	0xa4c138391b14a3d1	zigbee2mqtt/0xa4c138391b14a3d1	25.2	40	252	19	35	0	0.6	\N	\N	celsius	\N	\N	\N	\N	\N	\N	{"battery": 19, "humidity": 40, "linkquality": 252, "temperature": 25.2, "max_temperature": 35, "min_temperature": 0, "temperature_sensitivity": 0.6, "temperature_unit_convert": "celsius"}	2026-05-12 14:32:36.765452+00	2026-05-12 14:32:36.765622+00
159	0xa4c138a5cfe7b9f0	zigbee2mqtt/0xa4c138a5cfe7b9f0	24	41	220	100	\N	\N	\N	0	30	celsius	0	0	0	30	20	t	{"dry": true, "battery": 100, "humidity": 41, "linkquality": 220, "temperature": 24, "soil_warning": 20, "soil_moisture": 0, "soil_sampling": 30, "soil_calibration": 0, "temperature_unit": "celsius", "humidity_calibration": 0, "temperature_sampling": 30, "temperature_calibration": 0}	2026-05-12 14:36:03.996123+00	2026-05-12 14:36:03.996593+00
160	0xa4c138a5cfe7b9f0	zigbee2mqtt/0xa4c138a5cfe7b9f0	24	41	224	100	\N	\N	\N	0	30	celsius	0	0	0	30	20	t	{"dry": true, "battery": 100, "humidity": 41, "linkquality": 224, "temperature": 24, "soil_warning": 20, "soil_moisture": 0, "soil_sampling": 30, "soil_calibration": 0, "temperature_unit": "celsius", "humidity_calibration": 0, "temperature_sampling": 30, "temperature_calibration": 0}	2026-05-12 14:36:04.191188+00	2026-05-12 14:36:04.191629+00
161	0xa4c138391b14a3d1	zigbee2mqtt/0xa4c138391b14a3d1	25.2	40	216	19	35	0	0.6	\N	\N	celsius	\N	\N	\N	\N	\N	\N	{"battery": 19, "humidity": 40, "linkquality": 216, "temperature": 25.2, "max_temperature": 35, "min_temperature": 0, "temperature_sensitivity": 0.6, "temperature_unit_convert": "celsius"}	2026-05-12 14:36:05.181801+00	2026-05-12 14:36:05.182154+00
162	0xa4c138391b14a3d1	zigbee2mqtt/0xa4c138391b14a3d1	25.2	40	216	19	35	0	0.6	\N	\N	celsius	\N	\N	\N	\N	\N	\N	{"battery": 19, "humidity": 40, "linkquality": 216, "temperature": 25.2, "max_temperature": 35, "min_temperature": 0, "temperature_sensitivity": 0.6, "temperature_unit_convert": "celsius"}	2026-05-12 14:36:05.284758+00	2026-05-12 14:36:05.28513+00
163	0xa4c138391b14a3d1	zigbee2mqtt/0xa4c138391b14a3d1	25.2	40	216	19	35	0	0.6	\N	\N	celsius	\N	\N	\N	\N	\N	\N	{"battery": 19, "humidity": 40, "linkquality": 216, "temperature": 25.2, "max_temperature": 35, "min_temperature": 0, "temperature_sensitivity": 0.6, "temperature_unit_convert": "celsius"}	2026-05-12 14:36:05.403379+00	2026-05-12 14:36:05.403723+00
164	0xa4c138a5cfe7b9f0	zigbee2mqtt/0xa4c138a5cfe7b9f0	24	41	180	100	\N	\N	\N	0	30	celsius	0	13	0	30	20	t	{"dry": true, "battery": 100, "humidity": 41, "linkquality": 180, "temperature": 24, "soil_warning": 20, "soil_moisture": 13, "soil_sampling": 30, "soil_calibration": 0, "temperature_unit": "celsius", "humidity_calibration": 0, "temperature_sampling": 30, "temperature_calibration": 0}	2026-05-12 14:38:52.878144+00	2026-05-12 14:38:52.878528+00
165	0xa4c138a5cfe7b9f0	zigbee2mqtt/0xa4c138a5cfe7b9f0	24.5	41	255	100	\N	\N	\N	0	30	celsius	0	13	0	30	20	t	{"dry": true, "battery": 100, "humidity": 41, "linkquality": 255, "temperature": 24.5, "soil_warning": 20, "soil_moisture": 13, "soil_sampling": 30, "soil_calibration": 0, "temperature_unit": "celsius", "humidity_calibration": 0, "temperature_sampling": 30, "temperature_calibration": 0}	2026-05-12 14:39:05.425906+00	2026-05-12 14:39:05.426439+00
166	0xa4c138a5cfe7b9f0	zigbee2mqtt/0xa4c138a5cfe7b9f0	24.5	51	248	100	\N	\N	\N	0	30	celsius	0	13	0	30	20	t	{"dry": true, "battery": 100, "humidity": 51, "linkquality": 248, "temperature": 24.5, "soil_warning": 20, "soil_moisture": 13, "soil_sampling": 30, "soil_calibration": 0, "temperature_unit": "celsius", "humidity_calibration": 0, "temperature_sampling": 30, "temperature_calibration": 0}	2026-05-12 14:39:05.627825+00	2026-05-12 14:39:05.628034+00
167	0xa4c138a5cfe7b9f0	zigbee2mqtt/0xa4c138a5cfe7b9f0	24.5	51	188	100	\N	\N	\N	0	30	celsius	0	0	0	30	20	t	{"dry": true, "battery": 100, "humidity": 51, "linkquality": 188, "temperature": 24.5, "soil_warning": 20, "soil_moisture": 0, "soil_sampling": 30, "soil_calibration": 0, "temperature_unit": "celsius", "humidity_calibration": 0, "temperature_sampling": 30, "temperature_calibration": 0}	2026-05-12 14:39:22.886041+00	2026-05-12 14:39:22.886293+00
168	0xa4c138391b14a3d1	zigbee2mqtt/0xa4c138391b14a3d1	25	40	255	19	35	0	0.6	\N	\N	celsius	\N	\N	\N	\N	\N	\N	{"battery": 19, "humidity": 40, "linkquality": 255, "temperature": 25, "max_temperature": 35, "min_temperature": 0, "temperature_sensitivity": 0.6, "temperature_unit_convert": "celsius"}	2026-05-12 14:39:23.484314+00	2026-05-12 14:39:23.484711+00
169	0xa4c138391b14a3d1	zigbee2mqtt/0xa4c138391b14a3d1	25	41	255	19	35	0	0.6	\N	\N	celsius	\N	\N	\N	\N	\N	\N	{"battery": 19, "humidity": 41, "linkquality": 255, "temperature": 25, "max_temperature": 35, "min_temperature": 0, "temperature_sensitivity": 0.6, "temperature_unit_convert": "celsius"}	2026-05-12 14:39:23.60889+00	2026-05-12 14:39:23.609055+00
170	0xa4c138391b14a3d1	zigbee2mqtt/0xa4c138391b14a3d1	25	41	255	19	35	0	0.6	\N	\N	celsius	\N	\N	\N	\N	\N	\N	{"battery": 19, "humidity": 41, "linkquality": 255, "temperature": 25, "max_temperature": 35, "min_temperature": 0, "temperature_sensitivity": 0.6, "temperature_unit_convert": "celsius"}	2026-05-12 14:39:23.724996+00	2026-05-12 14:39:23.725425+00
171	0xa4c138a5cfe7b9f0	zigbee2mqtt/0xa4c138a5cfe7b9f0	24.9	51	188	100	\N	\N	\N	0	30	celsius	0	0	0	30	20	t	{"dry": true, "battery": 100, "humidity": 51, "linkquality": 188, "temperature": 24.9, "soil_warning": 20, "soil_moisture": 0, "soil_sampling": 30, "soil_calibration": 0, "temperature_unit": "celsius", "humidity_calibration": 0, "temperature_sampling": 30, "temperature_calibration": 0}	2026-05-12 14:39:35.635214+00	2026-05-12 14:39:35.635445+00
172	0xa4c138a5cfe7b9f0	zigbee2mqtt/0xa4c138a5cfe7b9f0	24.9	51	192	100	\N	\N	\N	0	30	celsius	0	0	0	30	20	t	{"dry": true, "battery": 100, "humidity": 51, "linkquality": 192, "temperature": 24.9, "soil_warning": 20, "soil_moisture": 0, "soil_sampling": 30, "soil_calibration": 0, "temperature_unit": "celsius", "humidity_calibration": 0, "temperature_sampling": 30, "temperature_calibration": 0}	2026-05-12 14:39:35.836342+00	2026-05-12 14:39:35.836623+00
173	0xa4c138a5cfe7b9f0	zigbee2mqtt/0xa4c138a5cfe7b9f0	24.9	51	176	100	\N	\N	\N	0	30	celsius	0	0	0	30	20	t	{"dry": true, "battery": 100, "humidity": 51, "linkquality": 176, "temperature": 24.9, "soil_warning": 20, "soil_moisture": 0, "soil_sampling": 30, "soil_calibration": 0, "temperature_unit": "celsius", "humidity_calibration": 0, "temperature_sampling": 30, "temperature_calibration": 0}	2026-05-12 14:39:52.884413+00	2026-05-12 14:39:52.884689+00
174	0xa4c138a5cfe7b9f0	zigbee2mqtt/0xa4c138a5cfe7b9f0	24.8	51	212	100	\N	\N	\N	0	30	celsius	0	0	0	30	20	t	{"dry": true, "battery": 100, "humidity": 51, "linkquality": 212, "temperature": 24.8, "soil_warning": 20, "soil_moisture": 0, "soil_sampling": 30, "soil_calibration": 0, "temperature_unit": "celsius", "humidity_calibration": 0, "temperature_sampling": 30, "temperature_calibration": 0}	2026-05-12 14:40:05.831038+00	2026-05-12 14:40:05.831365+00
175	0xa4c138a5cfe7b9f0	zigbee2mqtt/0xa4c138a5cfe7b9f0	24.8	45	208	100	\N	\N	\N	0	30	celsius	0	0	0	30	20	t	{"dry": true, "battery": 100, "humidity": 45, "linkquality": 208, "temperature": 24.8, "soil_warning": 20, "soil_moisture": 0, "soil_sampling": 30, "soil_calibration": 0, "temperature_unit": "celsius", "humidity_calibration": 0, "temperature_sampling": 30, "temperature_calibration": 0}	2026-05-12 14:40:06.032264+00	2026-05-12 14:40:06.032581+00
176	0xa4c138a5cfe7b9f0	zigbee2mqtt/0xa4c138a5cfe7b9f0	24.5	45	204	100	\N	\N	\N	0	30	celsius	0	0	0	30	20	t	{"dry": true, "battery": 100, "humidity": 45, "linkquality": 204, "temperature": 24.5, "soil_warning": 20, "soil_moisture": 0, "soil_sampling": 30, "soil_calibration": 0, "temperature_unit": "celsius", "humidity_calibration": 0, "temperature_sampling": 30, "temperature_calibration": 0}	2026-05-12 14:41:36.533153+00	2026-05-12 14:41:36.533432+00
177	0xa4c138a5cfe7b9f0	zigbee2mqtt/0xa4c138a5cfe7b9f0	24.5	42	156	100	\N	\N	\N	0	30	celsius	0	0	0	30	20	t	{"dry": true, "battery": 100, "humidity": 42, "linkquality": 156, "temperature": 24.5, "soil_warning": 20, "soil_moisture": 0, "soil_sampling": 30, "soil_calibration": 0, "temperature_unit": "celsius", "humidity_calibration": 0, "temperature_sampling": 30, "temperature_calibration": 0}	2026-05-12 14:41:36.737191+00	2026-05-12 14:41:36.737378+00
178	0xa4c138a5cfe7b9f0	zigbee2mqtt/0xa4c138a5cfe7b9f0	24.2	42	208	100	\N	\N	\N	0	30	celsius	0	0	0	30	20	t	{"dry": true, "battery": 100, "humidity": 42, "linkquality": 208, "temperature": 24.2, "soil_warning": 20, "soil_moisture": 0, "soil_sampling": 30, "soil_calibration": 0, "temperature_unit": "celsius", "humidity_calibration": 0, "temperature_sampling": 30, "temperature_calibration": 0}	2026-05-12 14:43:37.547275+00	2026-05-12 14:43:37.547533+00
179	0xa4c138a5cfe7b9f0	zigbee2mqtt/0xa4c138a5cfe7b9f0	24.2	42	208	100	\N	\N	\N	0	30	celsius	0	0	0	30	20	t	{"dry": true, "battery": 100, "humidity": 42, "linkquality": 208, "temperature": 24.2, "soil_warning": 20, "soil_moisture": 0, "soil_sampling": 30, "soil_calibration": 0, "temperature_unit": "celsius", "humidity_calibration": 0, "temperature_sampling": 30, "temperature_calibration": 0}	2026-05-12 14:43:37.742375+00	2026-05-12 14:43:37.742717+00
180	0xa4c138391b14a3d1	zigbee2mqtt/0xa4c138391b14a3d1	24.7	41	255	19	35	0	0.6	\N	\N	celsius	\N	\N	\N	\N	\N	\N	{"battery": 19, "humidity": 41, "linkquality": 255, "temperature": 24.7, "max_temperature": 35, "min_temperature": 0, "temperature_sensitivity": 0.6, "temperature_unit_convert": "celsius"}	2026-05-12 15:15:42.358371+00	2026-05-12 15:15:42.358705+00
181	0xa4c138391b14a3d1	zigbee2mqtt/0xa4c138391b14a3d1	24.7	41	255	19	35	0	0.6	\N	\N	celsius	\N	\N	\N	\N	\N	\N	{"battery": 19, "humidity": 41, "linkquality": 255, "temperature": 24.7, "max_temperature": 35, "min_temperature": 0, "temperature_sensitivity": 0.6, "temperature_unit_convert": "celsius"}	2026-05-12 15:15:42.493815+00	2026-05-12 15:15:42.494011+00
182	0xa4c138391b14a3d1	zigbee2mqtt/0xa4c138391b14a3d1	24.7	41	255	19	35	0	0.6	\N	\N	celsius	\N	\N	\N	\N	\N	\N	{"battery": 19, "humidity": 41, "linkquality": 255, "temperature": 24.7, "max_temperature": 35, "min_temperature": 0, "temperature_sensitivity": 0.6, "temperature_unit_convert": "celsius"}	2026-05-12 15:15:42.605489+00	2026-05-12 15:15:42.60596+00
183	0xa4c138391b14a3d1	zigbee2mqtt/0xa4c138391b14a3d1	24.8	41	216	19	35	0	0.6	\N	\N	celsius	\N	\N	\N	\N	\N	\N	{"battery": 19, "humidity": 41, "linkquality": 216, "temperature": 24.8, "max_temperature": 35, "min_temperature": 0, "temperature_sensitivity": 0.6, "temperature_unit_convert": "celsius"}	2026-05-12 15:16:07.591376+00	2026-05-12 15:16:07.591626+00
184	0xa4c138391b14a3d1	zigbee2mqtt/0xa4c138391b14a3d1	24.8	55	216	19	35	0	0.6	\N	\N	celsius	\N	\N	\N	\N	\N	\N	{"battery": 19, "humidity": 55, "linkquality": 216, "temperature": 24.8, "max_temperature": 35, "min_temperature": 0, "temperature_sensitivity": 0.6, "temperature_unit_convert": "celsius"}	2026-05-12 15:16:07.716886+00	2026-05-12 15:16:07.717017+00
185	0xa4c138391b14a3d1	zigbee2mqtt/0xa4c138391b14a3d1	24.8	55	228	19	35	0	0.6	\N	\N	celsius	\N	\N	\N	\N	\N	\N	{"battery": 19, "humidity": 55, "linkquality": 228, "temperature": 24.8, "max_temperature": 35, "min_temperature": 0, "temperature_sensitivity": 0.6, "temperature_unit_convert": "celsius"}	2026-05-12 15:16:07.847394+00	2026-05-12 15:16:07.84768+00
186	0xa4c138a5cfe7b9f0	zigbee2mqtt/0xa4c138a5cfe7b9f0	25.4	42	228	100	\N	\N	\N	0	30	celsius	0	0	0	30	20	t	{"dry": true, "battery": 100, "humidity": 42, "linkquality": 228, "temperature": 25.4, "soil_warning": 20, "soil_moisture": 0, "soil_sampling": 30, "soil_calibration": 0, "temperature_unit": "celsius", "humidity_calibration": 0, "temperature_sampling": 30, "temperature_calibration": 0}	2026-05-12 15:16:24.976253+00	2026-05-12 15:16:24.976455+00
187	0xa4c138a5cfe7b9f0	zigbee2mqtt/0xa4c138a5cfe7b9f0	25.4	53	224	100	\N	\N	\N	0	30	celsius	0	0	0	30	20	t	{"dry": true, "battery": 100, "humidity": 53, "linkquality": 224, "temperature": 25.4, "soil_warning": 20, "soil_moisture": 0, "soil_sampling": 30, "soil_calibration": 0, "temperature_unit": "celsius", "humidity_calibration": 0, "temperature_sampling": 30, "temperature_calibration": 0}	2026-05-12 15:16:25.002458+00	2026-05-12 15:16:25.002661+00
188	0xa4c138a5cfe7b9f0	zigbee2mqtt/0xa4c138a5cfe7b9f0	25.4	53	236	100	\N	\N	\N	0	30	celsius	0	14	0	30	20	t	{"dry": true, "battery": 100, "humidity": 53, "linkquality": 236, "temperature": 25.4, "soil_warning": 20, "soil_moisture": 14, "soil_sampling": 30, "soil_calibration": 0, "temperature_unit": "celsius", "humidity_calibration": 0, "temperature_sampling": 30, "temperature_calibration": 0}	2026-05-12 15:16:25.875718+00	2026-05-12 15:16:25.875953+00
189	0xa4c138a5cfe7b9f0	zigbee2mqtt/0xa4c138a5cfe7b9f0	26.5	53	212	100	\N	\N	\N	0	30	celsius	0	14	0	30	20	t	{"dry": true, "battery": 100, "humidity": 53, "linkquality": 212, "temperature": 26.5, "soil_warning": 20, "soil_moisture": 14, "soil_sampling": 30, "soil_calibration": 0, "temperature_unit": "celsius", "humidity_calibration": 0, "temperature_sampling": 30, "temperature_calibration": 0}	2026-05-12 15:16:54.380199+00	2026-05-12 15:16:54.380639+00
190	0xa4c138a5cfe7b9f0	zigbee2mqtt/0xa4c138a5cfe7b9f0	26.5	53	228	100	\N	\N	\N	0	30	celsius	0	14	0	30	20	t	{"dry": true, "battery": 100, "humidity": 53, "linkquality": 228, "temperature": 26.5, "soil_warning": 20, "soil_moisture": 14, "soil_sampling": 30, "soil_calibration": 0, "temperature_unit": "celsius", "humidity_calibration": 0, "temperature_sampling": 30, "temperature_calibration": 0}	2026-05-12 15:16:54.591252+00	2026-05-12 15:16:54.591463+00
191	0xa4c138a5cfe7b9f0	zigbee2mqtt/0xa4c138a5cfe7b9f0	26.5	53	212	100	\N	\N	\N	0	30	celsius	0	0	0	30	20	t	{"dry": true, "battery": 100, "humidity": 53, "linkquality": 212, "temperature": 26.5, "soil_warning": 20, "soil_moisture": 0, "soil_sampling": 30, "soil_calibration": 0, "temperature_unit": "celsius", "humidity_calibration": 0, "temperature_sampling": 30, "temperature_calibration": 0}	2026-05-12 15:16:55.855121+00	2026-05-12 15:16:55.855376+00
192	0xa4c138391b14a3d1	zigbee2mqtt/0xa4c138391b14a3d1	24.9	55	204	19	35	0	0.6	\N	\N	celsius	\N	\N	\N	\N	\N	\N	{"battery": 19, "humidity": 55, "linkquality": 204, "temperature": 24.9, "max_temperature": 35, "min_temperature": 0, "temperature_sensitivity": 0.6, "temperature_unit_convert": "celsius"}	2026-05-12 15:17:08.362064+00	2026-05-12 15:17:08.362248+00
193	0xa4c138391b14a3d1	zigbee2mqtt/0xa4c138391b14a3d1	24.9	42	200	19	35	0	0.6	\N	\N	celsius	\N	\N	\N	\N	\N	\N	{"battery": 19, "humidity": 42, "linkquality": 200, "temperature": 24.9, "max_temperature": 35, "min_temperature": 0, "temperature_sensitivity": 0.6, "temperature_unit_convert": "celsius"}	2026-05-12 15:17:08.366667+00	2026-05-12 15:17:08.366804+00
194	0xa4c138391b14a3d1	zigbee2mqtt/0xa4c138391b14a3d1	24.9	42	204	19	35	0	0.6	\N	\N	celsius	\N	\N	\N	\N	\N	\N	{"battery": 19, "humidity": 42, "linkquality": 204, "temperature": 24.9, "max_temperature": 35, "min_temperature": 0, "temperature_sensitivity": 0.6, "temperature_unit_convert": "celsius"}	2026-05-12 15:17:08.374491+00	2026-05-12 15:17:08.374613+00
195	0xa4c138a5cfe7b9f0	zigbee2mqtt/0xa4c138a5cfe7b9f0	26.2	53	236	100	\N	\N	\N	0	30	celsius	0	0	0	30	20	t	{"dry": true, "battery": 100, "humidity": 53, "linkquality": 236, "temperature": 26.2, "soil_warning": 20, "soil_moisture": 0, "soil_sampling": 30, "soil_calibration": 0, "temperature_unit": "celsius", "humidity_calibration": 0, "temperature_sampling": 30, "temperature_calibration": 0}	2026-05-12 15:17:24.646589+00	2026-05-12 15:17:24.646863+00
196	0xa4c138a5cfe7b9f0	zigbee2mqtt/0xa4c138a5cfe7b9f0	26.2	44	236	100	\N	\N	\N	0	30	celsius	0	0	0	30	20	t	{"dry": true, "battery": 100, "humidity": 44, "linkquality": 236, "temperature": 26.2, "soil_warning": 20, "soil_moisture": 0, "soil_sampling": 30, "soil_calibration": 0, "temperature_unit": "celsius", "humidity_calibration": 0, "temperature_sampling": 30, "temperature_calibration": 0}	2026-05-12 15:17:24.861211+00	2026-05-12 15:17:24.861386+00
197	0xa4c138a5cfe7b9f0	zigbee2mqtt/0xa4c138a5cfe7b9f0	26.2	44	236	100	\N	\N	\N	0	30	celsius	0	0	0	30	20	t	{"dry": true, "battery": 100, "humidity": 44, "linkquality": 236, "temperature": 26.2, "soil_warning": 20, "soil_moisture": 0, "soil_sampling": 30, "soil_calibration": 0, "temperature_unit": "celsius", "humidity_calibration": 0, "temperature_sampling": 30, "temperature_calibration": 0}	2026-05-12 15:17:25.885406+00	2026-05-12 15:17:25.88563+00
198	0xa4c138a5cfe7b9f0	zigbee2mqtt/0xa4c138a5cfe7b9f0	25.8	44	216	100	\N	\N	\N	0	30	celsius	0	0	0	30	20	t	{"dry": true, "battery": 100, "humidity": 44, "linkquality": 216, "temperature": 25.8, "soil_warning": 20, "soil_moisture": 0, "soil_sampling": 30, "soil_calibration": 0, "temperature_unit": "celsius", "humidity_calibration": 0, "temperature_sampling": 30, "temperature_calibration": 0}	2026-05-12 15:17:54.816167+00	2026-05-12 15:17:54.816472+00
199	0xa4c138a5cfe7b9f0	zigbee2mqtt/0xa4c138a5cfe7b9f0	25.8	42	216	100	\N	\N	\N	0	30	celsius	0	0	0	30	20	t	{"dry": true, "battery": 100, "humidity": 42, "linkquality": 216, "temperature": 25.8, "soil_warning": 20, "soil_moisture": 0, "soil_sampling": 30, "soil_calibration": 0, "temperature_unit": "celsius", "humidity_calibration": 0, "temperature_sampling": 30, "temperature_calibration": 0}	2026-05-12 15:17:55.024138+00	2026-05-12 15:17:55.024303+00
200	0xa4c138a5cfe7b9f0	zigbee2mqtt/0xa4c138a5cfe7b9f0	25.8	42	220	100	\N	\N	\N	0	30	celsius	0	0	0	30	20	t	{"dry": true, "battery": 100, "humidity": 42, "linkquality": 220, "temperature": 25.8, "soil_warning": 20, "soil_moisture": 0, "soil_sampling": 30, "soil_calibration": 0, "temperature_unit": "celsius", "humidity_calibration": 0, "temperature_sampling": 30, "temperature_calibration": 0}	2026-05-12 15:17:55.827589+00	2026-05-12 15:17:55.827756+00
201	0xa4c138a5cfe7b9f0	zigbee2mqtt/0xa4c138a5cfe7b9f0	25.4	42	220	100	\N	\N	\N	0	30	celsius	0	0	0	30	20	t	{"dry": true, "battery": 100, "humidity": 42, "linkquality": 220, "temperature": 25.4, "soil_warning": 20, "soil_moisture": 0, "soil_sampling": 30, "soil_calibration": 0, "temperature_unit": "celsius", "humidity_calibration": 0, "temperature_sampling": 30, "temperature_calibration": 0}	2026-05-12 15:18:25.016138+00	2026-05-12 15:18:25.016308+00
202	0xa4c138a5cfe7b9f0	zigbee2mqtt/0xa4c138a5cfe7b9f0	25.4	41	232	100	\N	\N	\N	0	30	celsius	0	0	0	30	20	t	{"dry": true, "battery": 100, "humidity": 41, "linkquality": 232, "temperature": 25.4, "soil_warning": 20, "soil_moisture": 0, "soil_sampling": 30, "soil_calibration": 0, "temperature_unit": "celsius", "humidity_calibration": 0, "temperature_sampling": 30, "temperature_calibration": 0}	2026-05-12 15:18:25.217392+00	2026-05-12 15:18:25.217707+00
203	0xa4c138a5cfe7b9f0	zigbee2mqtt/0xa4c138a5cfe7b9f0	24.1	41	216	100	\N	\N	\N	0	30	celsius	0	0	0	30	20	t	{"dry": true, "battery": 100, "humidity": 41, "linkquality": 216, "temperature": 24.1, "soil_warning": 20, "soil_moisture": 0, "soil_sampling": 30, "soil_calibration": 0, "temperature_unit": "celsius", "humidity_calibration": 0, "temperature_sampling": 30, "temperature_calibration": 0}	2026-05-12 15:22:27.172862+00	2026-05-12 15:22:27.173074+00
204	0xa4c138a5cfe7b9f0	zigbee2mqtt/0xa4c138a5cfe7b9f0	24.1	42	224	100	\N	\N	\N	0	30	celsius	0	0	0	30	20	t	{"dry": true, "battery": 100, "humidity": 42, "linkquality": 224, "temperature": 24.1, "soil_warning": 20, "soil_moisture": 0, "soil_sampling": 30, "soil_calibration": 0, "temperature_unit": "celsius", "humidity_calibration": 0, "temperature_sampling": 30, "temperature_calibration": 0}	2026-05-12 15:22:27.364995+00	2026-05-12 15:22:27.365247+00
205	0xa4c138a5cfe7b9f0	zigbee2mqtt/0xa4c138a5cfe7b9f0	23.8	42	208	100	\N	\N	\N	0	30	celsius	0	0	0	30	20	t	{"dry": true, "battery": 100, "humidity": 42, "linkquality": 208, "temperature": 23.8, "soil_warning": 20, "soil_moisture": 0, "soil_sampling": 30, "soil_calibration": 0, "temperature_unit": "celsius", "humidity_calibration": 0, "temperature_sampling": 30, "temperature_calibration": 0}	2026-05-12 15:27:29.519791+00	2026-05-12 15:27:29.520286+00
206	0xa4c138a5cfe7b9f0	zigbee2mqtt/0xa4c138a5cfe7b9f0	23.8	42	208	100	\N	\N	\N	0	30	celsius	0	0	0	30	20	t	{"dry": true, "battery": 100, "humidity": 42, "linkquality": 208, "temperature": 23.8, "soil_warning": 20, "soil_moisture": 0, "soil_sampling": 30, "soil_calibration": 0, "temperature_unit": "celsius", "humidity_calibration": 0, "temperature_sampling": 30, "temperature_calibration": 0}	2026-05-12 15:27:29.709779+00	2026-05-12 15:27:29.710063+00
207	0xa4c138a5cfe7b9f0	zigbee2mqtt/0xa4c138a5cfe7b9f0	20.6	53	255	100	\N	\N	\N	0	30	celsius	0	0	0	30	20	t	{"dry": true, "battery": 100, "humidity": 53, "linkquality": 255, "temperature": 20.6, "soil_warning": 20, "soil_moisture": 0, "soil_sampling": 30, "soil_calibration": 0, "temperature_unit": "celsius", "humidity_calibration": 0, "temperature_sampling": 30, "temperature_calibration": 0}	2026-05-13 10:40:36.226731+00	2026-05-13 10:40:36.226967+00
208	0xa4c138a5cfe7b9f0	zigbee2mqtt/0xa4c138a5cfe7b9f0	20.6	53	255	100	\N	\N	\N	0	30	celsius	0	0	0	30	20	t	{"dry": true, "battery": 100, "humidity": 53, "linkquality": 255, "temperature": 20.6, "soil_warning": 20, "soil_moisture": 0, "soil_sampling": 30, "soil_calibration": 0, "temperature_unit": "celsius", "humidity_calibration": 0, "temperature_sampling": 30, "temperature_calibration": 0}	2026-05-13 10:40:36.420071+00	2026-05-13 10:40:36.420457+00
209	0xa4c138391b14a3d1	zigbee2mqtt/0xa4c138391b14a3d1	20.7	41	255	19	35	0	0.6	\N	\N	celsius	\N	\N	\N	\N	\N	\N	{"battery": 19, "humidity": 41, "linkquality": 255, "temperature": 20.7, "max_temperature": 35, "min_temperature": 0, "temperature_sensitivity": 0.6, "temperature_unit_convert": "celsius"}	2026-05-13 10:43:46.396684+00	2026-05-13 10:43:46.396977+00
210	0xa4c138391b14a3d1	zigbee2mqtt/0xa4c138391b14a3d1	20.7	53	255	19	35	0	0.6	\N	\N	celsius	\N	\N	\N	\N	\N	\N	{"battery": 19, "humidity": 53, "linkquality": 255, "temperature": 20.7, "max_temperature": 35, "min_temperature": 0, "temperature_sensitivity": 0.6, "temperature_unit_convert": "celsius"}	2026-05-13 10:43:46.506173+00	2026-05-13 10:43:46.506351+00
211	0xa4c138391b14a3d1	zigbee2mqtt/0xa4c138391b14a3d1	20.7	53	255	19	35	0	0.6	\N	\N	celsius	\N	\N	\N	\N	\N	\N	{"battery": 19, "humidity": 53, "linkquality": 255, "temperature": 20.7, "max_temperature": 35, "min_temperature": 0, "temperature_sensitivity": 0.6, "temperature_unit_convert": "celsius"}	2026-05-13 10:43:46.625538+00	2026-05-13 10:43:46.625791+00
212	0xa4c138391b14a3d1	zigbee2mqtt/0xa4c138391b14a3d1	20.8	53	255	19	35	0	0.6	\N	\N	celsius	\N	\N	\N	\N	\N	\N	{"battery": 19, "humidity": 53, "linkquality": 255, "temperature": 20.8, "max_temperature": 35, "min_temperature": 0, "temperature_sensitivity": 0.6, "temperature_unit_convert": "celsius"}	2026-05-13 10:43:51.692673+00	2026-05-13 10:43:51.693098+00
213	0xa4c138391b14a3d1	zigbee2mqtt/0xa4c138391b14a3d1	20.8	64	255	19	35	0	0.6	\N	\N	celsius	\N	\N	\N	\N	\N	\N	{"battery": 19, "humidity": 64, "linkquality": 255, "temperature": 20.8, "max_temperature": 35, "min_temperature": 0, "temperature_sensitivity": 0.6, "temperature_unit_convert": "celsius"}	2026-05-13 10:43:51.810941+00	2026-05-13 10:43:51.811157+00
214	0xa4c138391b14a3d1	zigbee2mqtt/0xa4c138391b14a3d1	20.8	64	255	19	35	0	0.6	\N	\N	celsius	\N	\N	\N	\N	\N	\N	{"battery": 19, "humidity": 64, "linkquality": 255, "temperature": 20.8, "max_temperature": 35, "min_temperature": 0, "temperature_sensitivity": 0.6, "temperature_unit_convert": "celsius"}	2026-05-13 10:43:51.930591+00	2026-05-13 10:43:51.931123+00
215	0xa4c138391b14a3d1	zigbee2mqtt/0xa4c138391b14a3d1	21.3	64	255	19	35	0	0.6	\N	\N	celsius	\N	\N	\N	\N	\N	\N	{"battery": 19, "humidity": 64, "linkquality": 255, "temperature": 21.3, "max_temperature": 35, "min_temperature": 0, "temperature_sensitivity": 0.6, "temperature_unit_convert": "celsius"}	2026-05-13 10:44:52.194462+00	2026-05-13 10:44:52.194742+00
216	0xa4c138391b14a3d1	zigbee2mqtt/0xa4c138391b14a3d1	21.3	56	255	19	35	0	0.6	\N	\N	celsius	\N	\N	\N	\N	\N	\N	{"battery": 19, "humidity": 56, "linkquality": 255, "temperature": 21.3, "max_temperature": 35, "min_temperature": 0, "temperature_sensitivity": 0.6, "temperature_unit_convert": "celsius"}	2026-05-13 10:44:52.311823+00	2026-05-13 10:44:52.312022+00
217	0xa4c138391b14a3d1	zigbee2mqtt/0xa4c138391b14a3d1	21.3	56	255	19	35	0	0.6	\N	\N	celsius	\N	\N	\N	\N	\N	\N	{"battery": 19, "humidity": 56, "linkquality": 255, "temperature": 21.3, "max_temperature": 35, "min_temperature": 0, "temperature_sensitivity": 0.6, "temperature_unit_convert": "celsius"}	2026-05-13 10:44:52.450876+00	2026-05-13 10:44:52.45107+00
218	0xa4c138a5cfe7b9f0	zigbee2mqtt/0xa4c138a5cfe7b9f0	20.9	53	255	100	\N	\N	\N	0	30	celsius	0	0	0	30	20	t	{"dry": true, "battery": 100, "humidity": 53, "linkquality": 255, "temperature": 20.9, "soil_warning": 20, "soil_moisture": 0, "soil_sampling": 30, "soil_calibration": 0, "temperature_unit": "celsius", "humidity_calibration": 0, "temperature_sampling": 30, "temperature_calibration": 0}	2026-05-13 10:46:38.27209+00	2026-05-13 10:46:38.272429+00
219	0xa4c138a5cfe7b9f0	zigbee2mqtt/0xa4c138a5cfe7b9f0	20.9	53	255	100	\N	\N	\N	0	30	celsius	0	0	0	30	20	t	{"dry": true, "battery": 100, "humidity": 53, "linkquality": 255, "temperature": 20.9, "soil_warning": 20, "soil_moisture": 0, "soil_sampling": 30, "soil_calibration": 0, "temperature_unit": "celsius", "humidity_calibration": 0, "temperature_sampling": 30, "temperature_calibration": 0}	2026-05-13 10:46:38.466857+00	2026-05-13 10:46:38.46705+00
220	0xa4c138391b14a3d1	zigbee2mqtt/0xa4c138391b14a3d1	21.7	56	255	19	35	0	0.6	\N	\N	celsius	\N	\N	\N	\N	\N	\N	{"battery": 19, "humidity": 56, "linkquality": 255, "temperature": 21.7, "max_temperature": 35, "min_temperature": 0, "temperature_sensitivity": 0.6, "temperature_unit_convert": "celsius"}	2026-05-13 10:46:52.683468+00	2026-05-13 10:46:52.683722+00
221	0xa4c138391b14a3d1	zigbee2mqtt/0xa4c138391b14a3d1	21.7	50	255	19	35	0	0.6	\N	\N	celsius	\N	\N	\N	\N	\N	\N	{"battery": 19, "humidity": 50, "linkquality": 255, "temperature": 21.7, "max_temperature": 35, "min_temperature": 0, "temperature_sensitivity": 0.6, "temperature_unit_convert": "celsius"}	2026-05-13 10:46:52.794559+00	2026-05-13 10:46:52.794942+00
222	0xa4c138391b14a3d1	zigbee2mqtt/0xa4c138391b14a3d1	21.7	50	255	19	35	0	0.6	\N	\N	celsius	\N	\N	\N	\N	\N	\N	{"battery": 19, "humidity": 50, "linkquality": 255, "temperature": 21.7, "max_temperature": 35, "min_temperature": 0, "temperature_sensitivity": 0.6, "temperature_unit_convert": "celsius"}	2026-05-13 10:46:52.916253+00	2026-05-13 10:46:52.916506+00
223	0xa4c138391b14a3d1	zigbee2mqtt/0xa4c138391b14a3d1	22.3	50	255	19	35	0	0.6	\N	\N	celsius	\N	\N	\N	\N	\N	\N	{"battery": 19, "humidity": 50, "linkquality": 255, "temperature": 22.3, "max_temperature": 35, "min_temperature": 0, "temperature_sensitivity": 0.6, "temperature_unit_convert": "celsius"}	2026-05-13 10:53:53.165335+00	2026-05-13 10:53:53.165513+00
224	0xa4c138391b14a3d1	zigbee2mqtt/0xa4c138391b14a3d1	22.3	47	255	19	35	0	0.6	\N	\N	celsius	\N	\N	\N	\N	\N	\N	{"battery": 19, "humidity": 47, "linkquality": 255, "temperature": 22.3, "max_temperature": 35, "min_temperature": 0, "temperature_sensitivity": 0.6, "temperature_unit_convert": "celsius"}	2026-05-13 10:53:53.276942+00	2026-05-13 10:53:53.277101+00
225	0xa4c138391b14a3d1	zigbee2mqtt/0xa4c138391b14a3d1	22.3	47	255	19	35	0	0.6	\N	\N	celsius	\N	\N	\N	\N	\N	\N	{"battery": 19, "humidity": 47, "linkquality": 255, "temperature": 22.3, "max_temperature": 35, "min_temperature": 0, "temperature_sensitivity": 0.6, "temperature_unit_convert": "celsius"}	2026-05-13 10:53:53.397307+00	2026-05-13 10:53:53.397607+00
226	0xa4c138a5cfe7b9f0	zigbee2mqtt/0xa4c138a5cfe7b9f0	21.2	53	255	100	\N	\N	\N	0	30	celsius	0	0	0	30	20	t	{"dry": true, "battery": 100, "humidity": 53, "linkquality": 255, "temperature": 21.2, "soil_warning": 20, "soil_moisture": 0, "soil_sampling": 30, "soil_calibration": 0, "temperature_unit": "celsius", "humidity_calibration": 0, "temperature_sampling": 30, "temperature_calibration": 0}	2026-05-13 10:54:11.034044+00	2026-05-13 10:54:11.034208+00
227	0xa4c138a5cfe7b9f0	zigbee2mqtt/0xa4c138a5cfe7b9f0	21.2	54	255	100	\N	\N	\N	0	30	celsius	0	0	0	30	20	t	{"dry": true, "battery": 100, "humidity": 54, "linkquality": 255, "temperature": 21.2, "soil_warning": 20, "soil_moisture": 0, "soil_sampling": 30, "soil_calibration": 0, "temperature_unit": "celsius", "humidity_calibration": 0, "temperature_sampling": 30, "temperature_calibration": 0}	2026-05-13 10:54:11.200869+00	2026-05-13 10:54:11.20104+00
228	0xa4c138391b14a3d1	zigbee2mqtt/0xa4c138391b14a3d1	22.6	47	240	19	35	0	0.6	\N	\N	celsius	\N	\N	\N	\N	\N	\N	{"battery": 19, "humidity": 47, "linkquality": 240, "temperature": 22.6, "max_temperature": 35, "min_temperature": 0, "temperature_sensitivity": 0.6, "temperature_unit_convert": "celsius"}	2026-05-13 10:59:00.350773+00	2026-05-13 10:59:00.351243+00
229	0xa4c138391b14a3d1	zigbee2mqtt/0xa4c138391b14a3d1	22.6	46	232	19	35	0	0.6	\N	\N	celsius	\N	\N	\N	\N	\N	\N	{"battery": 19, "humidity": 46, "linkquality": 232, "temperature": 22.6, "max_temperature": 35, "min_temperature": 0, "temperature_sensitivity": 0.6, "temperature_unit_convert": "celsius"}	2026-05-13 10:59:00.469542+00	2026-05-13 10:59:00.469771+00
230	0xa4c138391b14a3d1	zigbee2mqtt/0xa4c138391b14a3d1	22.6	46	224	19	35	0	0.6	\N	\N	celsius	\N	\N	\N	\N	\N	\N	{"battery": 19, "humidity": 46, "linkquality": 224, "temperature": 22.6, "max_temperature": 35, "min_temperature": 0, "temperature_sensitivity": 0.6, "temperature_unit_convert": "celsius"}	2026-05-13 10:59:00.591215+00	2026-05-13 10:59:00.591479+00
231	0xa4c138391b14a3d1	zigbee2mqtt/0xa4c138391b14a3d1	22.9	46	255	19	35	0	0.6	\N	\N	celsius	\N	\N	\N	\N	\N	\N	{"battery": 19, "humidity": 46, "linkquality": 255, "temperature": 22.9, "max_temperature": 35, "min_temperature": 0, "temperature_sensitivity": 0.6, "temperature_unit_convert": "celsius"}	2026-05-13 11:01:14.087183+00	2026-05-13 11:01:14.08744+00
232	0xa4c138391b14a3d1	zigbee2mqtt/0xa4c138391b14a3d1	22.9	47	255	19	35	0	0.6	\N	\N	celsius	\N	\N	\N	\N	\N	\N	{"battery": 19, "humidity": 47, "linkquality": 255, "temperature": 22.9, "max_temperature": 35, "min_temperature": 0, "temperature_sensitivity": 0.6, "temperature_unit_convert": "celsius"}	2026-05-13 11:01:14.208908+00	2026-05-13 11:01:14.209122+00
233	0xa4c138391b14a3d1	zigbee2mqtt/0xa4c138391b14a3d1	22.9	47	255	19	35	0	0.6	\N	\N	celsius	\N	\N	\N	\N	\N	\N	{"battery": 19, "humidity": 47, "linkquality": 255, "temperature": 22.9, "max_temperature": 35, "min_temperature": 0, "temperature_sensitivity": 0.6, "temperature_unit_convert": "celsius"}	2026-05-13 11:01:14.326193+00	2026-05-13 11:01:14.32643+00
234	0xa4c138a5cfe7b9f0	zigbee2mqtt/0xa4c138a5cfe7b9f0	21.5	54	255	100	\N	\N	\N	0	30	celsius	0	0	0	30	20	t	{"dry": true, "battery": 100, "humidity": 54, "linkquality": 255, "temperature": 21.5, "soil_warning": 20, "soil_moisture": 0, "soil_sampling": 30, "soil_calibration": 0, "temperature_unit": "celsius", "humidity_calibration": 0, "temperature_sampling": 30, "temperature_calibration": 0}	2026-05-13 11:06:45.904845+00	2026-05-13 11:06:45.905033+00
235	0xa4c138a5cfe7b9f0	zigbee2mqtt/0xa4c138a5cfe7b9f0	21.5	54	255	100	\N	\N	\N	0	30	celsius	0	0	0	30	20	t	{"dry": true, "battery": 100, "humidity": 54, "linkquality": 255, "temperature": 21.5, "soil_warning": 20, "soil_moisture": 0, "soil_sampling": 30, "soil_calibration": 0, "temperature_unit": "celsius", "humidity_calibration": 0, "temperature_sampling": 30, "temperature_calibration": 0}	2026-05-13 11:06:46.102813+00	2026-05-13 11:06:46.103023+00
236	0xa4c138391b14a3d1	zigbee2mqtt/0xa4c138391b14a3d1	23.4	47	244	19	35	0	0.6	\N	\N	celsius	\N	\N	\N	\N	\N	\N	{"battery": 19, "humidity": 47, "linkquality": 244, "temperature": 23.4, "max_temperature": 35, "min_temperature": 0, "temperature_sensitivity": 0.6, "temperature_unit_convert": "celsius"}	2026-05-13 11:18:05.12181+00	2026-05-13 11:18:05.122012+00
237	0xa4c138391b14a3d1	zigbee2mqtt/0xa4c138391b14a3d1	23.4	44	252	19	35	0	0.6	\N	\N	celsius	\N	\N	\N	\N	\N	\N	{"battery": 19, "humidity": 44, "linkquality": 252, "temperature": 23.4, "max_temperature": 35, "min_temperature": 0, "temperature_sensitivity": 0.6, "temperature_unit_convert": "celsius"}	2026-05-13 11:18:05.242345+00	2026-05-13 11:18:05.242865+00
238	0xa4c138391b14a3d1	zigbee2mqtt/0xa4c138391b14a3d1	23.4	44	248	19	35	0	0.6	\N	\N	celsius	\N	\N	\N	\N	\N	\N	{"battery": 19, "humidity": 44, "linkquality": 248, "temperature": 23.4, "max_temperature": 35, "min_temperature": 0, "temperature_sensitivity": 0.6, "temperature_unit_convert": "celsius"}	2026-05-13 11:18:05.363762+00	2026-05-13 11:18:05.363963+00
239	0xa4c138391b14a3d1	zigbee2mqtt/0xa4c138391b14a3d1	23.4	44	255	19	35	0	0.6	\N	\N	celsius	\N	\N	\N	\N	\N	\N	{"battery": 19, "humidity": 44, "linkquality": 255, "temperature": 23.4, "max_temperature": 35, "min_temperature": 0, "temperature_sensitivity": 0.6, "temperature_unit_convert": "celsius"}	2026-05-13 11:18:09.470677+00	2026-05-13 11:18:09.47103+00
240	0xa4c138391b14a3d1	zigbee2mqtt/0xa4c138391b14a3d1	23.4	44	255	19	35	0	0.6	\N	\N	celsius	\N	\N	\N	\N	\N	\N	{"battery": 19, "humidity": 44, "linkquality": 255, "temperature": 23.4, "max_temperature": 35, "min_temperature": 0, "temperature_sensitivity": 0.6, "temperature_unit_convert": "celsius"}	2026-05-13 11:18:09.587872+00	2026-05-13 11:18:09.588211+00
241	0xa4c138391b14a3d1	zigbee2mqtt/0xa4c138391b14a3d1	23.4	44	255	19	35	0	0.6	\N	\N	celsius	\N	\N	\N	\N	\N	\N	{"battery": 19, "humidity": 44, "linkquality": 255, "temperature": 23.4, "max_temperature": 35, "min_temperature": 0, "temperature_sensitivity": 0.6, "temperature_unit_convert": "celsius"}	2026-05-13 11:18:09.711984+00	2026-05-13 11:18:09.712225+00
242	0xa4c138391b14a3d1	zigbee2mqtt/0xa4c138391b14a3d1	23.5	44	255	19	35	0	0.6	\N	\N	celsius	\N	\N	\N	\N	\N	\N	{"battery": 19, "humidity": 44, "linkquality": 255, "temperature": 23.5, "max_temperature": 35, "min_temperature": 0, "temperature_sensitivity": 0.6, "temperature_unit_convert": "celsius"}	2026-05-13 11:18:17.083034+00	2026-05-13 11:18:17.083365+00
243	0xa4c138391b14a3d1	zigbee2mqtt/0xa4c138391b14a3d1	23.5	60	255	19	35	0	0.6	\N	\N	celsius	\N	\N	\N	\N	\N	\N	{"battery": 19, "humidity": 60, "linkquality": 255, "temperature": 23.5, "max_temperature": 35, "min_temperature": 0, "temperature_sensitivity": 0.6, "temperature_unit_convert": "celsius"}	2026-05-13 11:18:17.203631+00	2026-05-13 11:18:17.203838+00
244	0xa4c138391b14a3d1	zigbee2mqtt/0xa4c138391b14a3d1	23.5	60	255	19	35	0	0.6	\N	\N	celsius	\N	\N	\N	\N	\N	\N	{"battery": 19, "humidity": 60, "linkquality": 255, "temperature": 23.5, "max_temperature": 35, "min_temperature": 0, "temperature_sensitivity": 0.6, "temperature_unit_convert": "celsius"}	2026-05-13 11:18:17.321637+00	2026-05-13 11:18:17.321841+00
245	0xa4c138391b14a3d1	zigbee2mqtt/0xa4c138391b14a3d1	23.6	49	255	19	35	0	0.6	\N	\N	celsius	\N	\N	\N	\N	\N	\N	{"battery": 19, "humidity": 49, "linkquality": 255, "temperature": 23.6, "max_temperature": 35, "min_temperature": 0, "temperature_sensitivity": 0.6, "temperature_unit_convert": "celsius"}	2026-05-13 11:29:18.096874+00	2026-05-13 11:29:18.097106+00
246	0xa4c138391b14a3d1	zigbee2mqtt/0xa4c138391b14a3d1	23.6	43	255	19	35	0	0.6	\N	\N	celsius	\N	\N	\N	\N	\N	\N	{"battery": 19, "humidity": 43, "linkquality": 255, "temperature": 23.6, "max_temperature": 35, "min_temperature": 0, "temperature_sensitivity": 0.6, "temperature_unit_convert": "celsius"}	2026-05-13 11:29:18.214027+00	2026-05-13 11:29:18.214187+00
247	0xa4c138391b14a3d1	zigbee2mqtt/0xa4c138391b14a3d1	23.6	43	255	19	35	0	0.6	\N	\N	celsius	\N	\N	\N	\N	\N	\N	{"battery": 19, "humidity": 43, "linkquality": 255, "temperature": 23.6, "max_temperature": 35, "min_temperature": 0, "temperature_sensitivity": 0.6, "temperature_unit_convert": "celsius"}	2026-05-13 11:29:18.334513+00	2026-05-13 11:29:18.334836+00
248	0xa4c138a5cfe7b9f0	zigbee2mqtt/0xa4c138a5cfe7b9f0	21.5	54	255	100	\N	\N	\N	0	30	celsius	0	0	0	30	20	t	{"dry": true, "battery": 100, "humidity": 54, "linkquality": 255, "temperature": 21.5, "soil_warning": 20, "soil_moisture": 0, "soil_sampling": 30, "soil_calibration": 0, "temperature_unit": "celsius", "humidity_calibration": 0, "temperature_sampling": 30, "temperature_calibration": 0}	2026-05-13 11:36:09.352197+00	2026-05-13 11:36:09.352494+00
249	0xa4c138391b14a3d1	zigbee2mqtt/0xa4c138391b14a3d1	23.4	43	255	19	35	0	0.6	\N	\N	celsius	\N	\N	\N	\N	\N	\N	{"battery": 19, "humidity": 43, "linkquality": 255, "temperature": 23.4, "max_temperature": 35, "min_temperature": 0, "temperature_sensitivity": 0.6, "temperature_unit_convert": "celsius"}	2026-05-13 11:59:38.121507+00	2026-05-13 11:59:38.121743+00
250	0xa4c138391b14a3d1	zigbee2mqtt/0xa4c138391b14a3d1	23.4	43	255	19	35	0	0.6	\N	\N	celsius	\N	\N	\N	\N	\N	\N	{"battery": 19, "humidity": 43, "linkquality": 255, "temperature": 23.4, "max_temperature": 35, "min_temperature": 0, "temperature_sensitivity": 0.6, "temperature_unit_convert": "celsius"}	2026-05-13 11:59:38.244193+00	2026-05-13 11:59:38.244452+00
251	0xa4c138391b14a3d1	zigbee2mqtt/0xa4c138391b14a3d1	23.4	43	255	19	35	0	0.6	\N	\N	celsius	\N	\N	\N	\N	\N	\N	{"battery": 19, "humidity": 43, "linkquality": 255, "temperature": 23.4, "max_temperature": 35, "min_temperature": 0, "temperature_sensitivity": 0.6, "temperature_unit_convert": "celsius"}	2026-05-13 11:59:38.358883+00	2026-05-13 11:59:38.359139+00
252	0xa4c138a5cfe7b9f0	zigbee2mqtt/0xa4c138a5cfe7b9f0	21.6	54	255	100	\N	\N	\N	0	30	celsius	0	0	0	30	20	t	{"dry": true, "battery": 100, "humidity": 54, "linkquality": 255, "temperature": 21.6, "soil_warning": 20, "soil_moisture": 0, "soil_sampling": 30, "soil_calibration": 0, "temperature_unit": "celsius", "humidity_calibration": 0, "temperature_sampling": 30, "temperature_calibration": 0}	2026-05-13 12:01:44.499815+00	2026-05-13 12:01:44.500236+00
253	0xa4c138a5cfe7b9f0	zigbee2mqtt/0xa4c138a5cfe7b9f0	21.6	54	255	100	\N	\N	\N	0	30	celsius	0	0	0	30	20	t	{"dry": true, "battery": 100, "humidity": 54, "linkquality": 255, "temperature": 21.6, "soil_warning": 20, "soil_moisture": 0, "soil_sampling": 30, "soil_calibration": 0, "temperature_unit": "celsius", "humidity_calibration": 0, "temperature_sampling": 30, "temperature_calibration": 0}	2026-05-13 12:01:44.697745+00	2026-05-13 12:01:44.697931+00
254	0xa4c138391b14a3d1	zigbee2mqtt/0xa4c138391b14a3d1	23.4	43	200	19	35	0	0.6	\N	\N	celsius	\N	\N	\N	\N	\N	\N	{"battery": 19, "humidity": 43, "linkquality": 200, "temperature": 23.4, "max_temperature": 35, "min_temperature": 0, "temperature_sensitivity": 0.6, "temperature_unit_convert": "celsius"}	2026-05-13 12:12:46.586375+00	2026-05-13 12:12:46.586729+00
255	0xa4c138391b14a3d1	zigbee2mqtt/0xa4c138391b14a3d1	23.4	43	200	19	35	0	0.6	\N	\N	celsius	\N	\N	\N	\N	\N	\N	{"battery": 19, "humidity": 43, "linkquality": 200, "temperature": 23.4, "max_temperature": 35, "min_temperature": 0, "temperature_sensitivity": 0.6, "temperature_unit_convert": "celsius"}	2026-05-13 12:12:46.696848+00	2026-05-13 12:12:46.697061+00
256	0xa4c138391b14a3d1	zigbee2mqtt/0xa4c138391b14a3d1	23.4	43	220	19	35	0	0.6	\N	\N	celsius	\N	\N	\N	\N	\N	\N	{"battery": 19, "humidity": 43, "linkquality": 220, "temperature": 23.4, "max_temperature": 35, "min_temperature": 0, "temperature_sensitivity": 0.6, "temperature_unit_convert": "celsius"}	2026-05-13 12:12:46.82764+00	2026-05-13 12:12:46.827914+00
\.


--
-- Data for Name: auth_group; Type: TABLE DATA; Schema: public; Owner: irrigation_user
--

COPY public.auth_group (id, name) FROM stdin;
\.


--
-- Data for Name: auth_group_permissions; Type: TABLE DATA; Schema: public; Owner: irrigation_user
--

COPY public.auth_group_permissions (id, group_id, permission_id) FROM stdin;
\.


--
-- Data for Name: auth_permission; Type: TABLE DATA; Schema: public; Owner: irrigation_user
--

COPY public.auth_permission (id, name, content_type_id, codename) FROM stdin;
1	Can add log entry	1	add_logentry
2	Can change log entry	1	change_logentry
3	Can delete log entry	1	delete_logentry
4	Can view log entry	1	view_logentry
5	Can add permission	2	add_permission
6	Can change permission	2	change_permission
7	Can delete permission	2	delete_permission
8	Can view permission	2	view_permission
9	Can add group	3	add_group
10	Can change group	3	change_group
11	Can delete group	3	delete_group
12	Can view group	3	view_group
13	Can add user	4	add_user
14	Can change user	4	change_user
15	Can delete user	4	delete_user
16	Can view user	4	view_user
17	Can add content type	5	add_contenttype
18	Can change content type	5	change_contenttype
19	Can delete content type	5	delete_contenttype
20	Can view content type	5	view_contenttype
21	Can add session	6	add_session
22	Can change session	6	change_session
23	Can delete session	6	delete_session
24	Can view session	6	view_session
25	Can add sensor data	7	add_sensordata
26	Can change sensor data	7	change_sensordata
27	Can delete sensor data	7	delete_sensordata
28	Can view sensor data	7	view_sensordata
29	Can add irrigation plan	8	add_irrigationplan
30	Can change irrigation plan	8	change_irrigationplan
31	Can delete irrigation plan	8	delete_irrigationplan
32	Can view irrigation plan	8	view_irrigationplan
33	Can add plant	9	add_plant
34	Can change plant	9	change_plant
35	Can delete plant	9	delete_plant
36	Can view plant	9	view_plant
37	Can add path cell	10	add_pathcell
38	Can change path cell	10	change_pathcell
39	Can delete path cell	10	delete_pathcell
40	Can view path cell	10	view_pathcell
41	Can add watering cycle	8	add_wateringcycle
42	Can change watering cycle	8	change_wateringcycle
43	Can delete watering cycle	8	delete_wateringcycle
44	Can view watering cycle	8	view_wateringcycle
45	Can add watering plan	11	add_wateringplan
46	Can change watering plan	11	change_wateringplan
47	Can delete watering plan	11	delete_wateringplan
48	Can view watering plan	11	view_wateringplan
49	Can add Greenhouse Configuration	12	add_greenhouseconfig
50	Can change Greenhouse Configuration	12	change_greenhouseconfig
51	Can delete Greenhouse Configuration	12	delete_greenhouseconfig
52	Can view Greenhouse Configuration	12	view_greenhouseconfig
53	Can add device	13	add_device
54	Can change device	13	change_device
55	Can delete device	13	delete_device
56	Can view device	13	view_device
\.


--
-- Data for Name: auth_user; Type: TABLE DATA; Schema: public; Owner: irrigation_user
--

COPY public.auth_user (id, password, last_login, is_superuser, username, first_name, last_name, email, is_staff, is_active, date_joined) FROM stdin;
1	pbkdf2_sha256$600000$T8mLKs4hr7KeFScfWUX2D3$eCv2EcP7Xg6xUYpuFfiOJbPh47r1byNZR9Tw8A+DuIE=	2026-05-12 18:36:08.630091+00	f	jansi7@inbox.lv			jansi7@inbox.lv	f	t	2026-05-12 14:53:39.097318+00
\.


--
-- Data for Name: auth_user_groups; Type: TABLE DATA; Schema: public; Owner: irrigation_user
--

COPY public.auth_user_groups (id, user_id, group_id) FROM stdin;
\.


--
-- Data for Name: auth_user_user_permissions; Type: TABLE DATA; Schema: public; Owner: irrigation_user
--

COPY public.auth_user_user_permissions (id, user_id, permission_id) FROM stdin;
\.


--
-- Data for Name: devices; Type: TABLE DATA; Schema: public; Owner: irrigation_user
--

COPY public.devices (id, zigbee_id, name, device_type, greenhouse_id, active, notes, created_at, updated_at) FROM stdin;
1	0x540f57fffe890af8	Laistīšanas vārsts	irrigation_controller	1	t		2026-05-11 15:18:34.291036+00	2026-05-11 15:18:34.291299+00
2	0xa4c138391b14a3d1	Temperatūras sensors	temperature_sensor	1	t		2026-05-11 15:21:16.576978+00	2026-05-11 15:21:16.577149+00
3	0xa4c138a5cfe7b9f0	Augsnes mitruma sensors	humidity_sensor	1	t		2026-05-11 15:23:19.142818+00	2026-05-11 15:23:19.142994+00
\.


--
-- Data for Name: django_admin_log; Type: TABLE DATA; Schema: public; Owner: irrigation_user
--

COPY public.django_admin_log (id, action_time, object_id, object_repr, action_flag, change_message, content_type_id, user_id) FROM stdin;
\.


--
-- Data for Name: django_content_type; Type: TABLE DATA; Schema: public; Owner: irrigation_user
--

COPY public.django_content_type (id, app_label, model) FROM stdin;
1	admin	logentry
2	auth	permission
3	auth	group
4	auth	user
5	contenttypes	contenttype
6	sessions	session
7	irrigation	sensordata
9	irrigation	plant
10	irrigation	pathcell
8	irrigation	wateringcycle
11	irrigation	wateringplan
12	irrigation	greenhouseconfig
13	irrigation	device
\.


--
-- Data for Name: django_migrations; Type: TABLE DATA; Schema: public; Owner: irrigation_user
--

COPY public.django_migrations (id, app, name, applied) FROM stdin;
1	contenttypes	0001_initial	2026-04-22 13:29:40.225509+00
2	auth	0001_initial	2026-04-22 13:29:40.314475+00
3	admin	0001_initial	2026-04-22 13:29:40.334859+00
4	admin	0002_logentry_remove_auto_add	2026-04-22 13:29:40.340089+00
5	admin	0003_logentry_add_action_flag_choices	2026-04-22 13:29:40.34685+00
6	contenttypes	0002_remove_content_type_name	2026-04-22 13:29:40.361555+00
7	auth	0002_alter_permission_name_max_length	2026-04-22 13:29:40.369775+00
8	auth	0003_alter_user_email_max_length	2026-04-22 13:29:40.377959+00
9	auth	0004_alter_user_username_opts	2026-04-22 13:29:40.384996+00
10	auth	0005_alter_user_last_login_null	2026-04-22 13:29:40.392598+00
11	auth	0006_require_contenttypes_0002	2026-04-22 13:29:40.397585+00
12	auth	0007_alter_validators_add_error_messages	2026-04-22 13:29:40.404445+00
13	auth	0008_alter_user_username_max_length	2026-04-22 13:29:40.417787+00
14	auth	0009_alter_user_last_name_max_length	2026-04-22 13:29:40.426134+00
15	auth	0010_alter_group_name_max_length	2026-04-22 13:29:40.435029+00
16	auth	0011_update_proxy_permissions	2026-04-22 13:29:40.441926+00
17	auth	0012_alter_user_first_name_max_length	2026-04-22 13:29:40.449959+00
18	sessions	0001_initial	2026-04-22 13:29:40.469705+00
19	irrigation	0001_initial	2026-04-22 14:22:37.08698+00
20	irrigation	0002_pathcell	2026-04-22 14:56:25.37732+00
21	irrigation	0003_rename_irrigationplan_wateringcycle	2026-05-10 14:48:51.838987+00
22	irrigation	0004_wateringplan_and_cycle_plan_fk	2026-05-10 15:35:22.646445+00
23	irrigation	0005_rename_irrigation_plans_to_watering_cycle	2026-05-10 19:58:21.788239+00
24	irrigation	0006_greenhouseconfig	2026-05-10 19:58:28.162522+00
25	irrigation	0007_greenhouseconfig_is_active	2026-05-10 20:13:43.388796+00
26	irrigation	0008_greenhouseconfig_season	2026-05-10 20:28:45.405494+00
27	irrigation	0009_wateringplan_greenhouse_config	2026-05-10 20:48:30.426111+00
28	irrigation	0010_device	2026-05-11 11:20:46.452867+00
29	irrigation	0011_greenhouse_feature_flags	2026-05-12 15:33:36.06971+00
30	irrigation	0012_greenhouse_smart_suggestions_flag	2026-05-12 15:43:18.901023+00
\.


--
-- Data for Name: django_session; Type: TABLE DATA; Schema: public; Owner: irrigation_user
--

COPY public.django_session (session_key, session_data, expire_date) FROM stdin;
i8lmb5u45vpr85wavazvtq00zmnr0irg	.eJyrVspJrMwvLYkvyi8vjjdSsjI01oEJJefnlObmQUQNawFIfg7P:1wMBrE:dqofSpHnyKinF2UtOZEQ_Q6rFRKm3FGSz3sMPkMb8N8	2026-05-24 21:38:40.285138+00
gmusis46tl7btqlxc1dj8gbwwz7qvdxj	.eJxVjDkOwjAUBe_iGln-juM4lPScIfobOIBsKUuFuDuJlALaNzPvbQZclzyss07DKOZswJx-N0J-atmBPLDcq-Valmkkuyv2oLO9VtHX5XD_DjLOeatdH0LoWyTp2sSiStyQeozoAdARcCPAFNVDchuSkDynziWIyeOtMZ8v9I44Eg:1wMobT:vmPDpMuYttfbxNKkbpQg-uH_jujMRLSnDjLnIc17Nis	2026-05-26 15:00:59.005598+00
ru8lctopdyt5epjpt98251avonv0oob2	.eJxVjDkOwjAUBe_iGln-juM4lPScIfobOIBsKUuFuDuJlALaNzPvbQZclzyss07DKOZswJx-N0J-atmBPLDcq-Valmkkuyv2oLO9VtHX5XD_DjLOeatdH0LoWyTp2sSiStyQeozoAdARcCPAFNVDchuSkDynziWIyeOtMZ8v9I44Eg:1wMrxg:TI6a8Y74giD0CbWUkUA_QptcSzxgYtXui26dLGQKf9M	2026-05-26 18:36:08.633052+00
\.


--
-- Data for Name: greenhouse_config; Type: TABLE DATA; Schema: public; Owner: irrigation_user
--

COPY public.greenhouse_config (id, name, location, controller_ip, controller_username, controller_password, created_at, updated_at, is_active, season, feature_layout, feature_meteostation, feature_plants, feature_watering_liters, feature_smart_suggestions) FROM stdin;
2	Znotiņu siltumnīca	Preiļi	\N			2026-05-10 20:15:16.968559+00	2026-05-10 20:32:24.585411+00	f	2026	t	f	t	f	f
1	Salacgrīvas siltumnīca	Salacgrīva	192.168.8.151	mosquitto_api_user1	949944098b65b98878b8ddcd7afd6c07:5b048d41ca93b9d444caa105014e4e7ddb19b6fdf01466ee6fb1c43761000fb3	2026-05-10 20:02:56.008306+00	2026-05-11 10:51:40.167828+00	t	2026	t	f	t	f	f
\.


--
-- Data for Name: greenhouses; Type: TABLE DATA; Schema: public; Owner: irrigation_user
--

COPY public.greenhouses (id, name, description, location, mqtt_broker, mqtt_port, mqtt_username, mqtt_password, active, created_at, updated_at) FROM stdin;
\.


--
-- Data for Name: path_cells; Type: TABLE DATA; Schema: public; Owner: irrigation_user
--

COPY public.path_cells (id, "row", "column", description, created_at, updated_at) FROM stdin;
1	1	4	Ceļš R1C4	2026-04-22 14:59:47.918631+00	2026-04-22 14:59:47.918783+00
2	2	4	Ceļš R2C4	2026-04-22 14:59:50.453297+00	2026-04-22 14:59:50.453406+00
3	3	4	Ceļš R3C4	2026-04-22 14:59:53.592101+00	2026-04-22 14:59:53.592237+00
4	4	4	Ceļš R4C4	2026-04-22 14:59:55.334876+00	2026-04-22 14:59:55.334996+00
5	5	4	Ceļš R5C4	2026-04-22 14:59:57.125269+00	2026-04-22 14:59:57.125359+00
6	6	4	Ceļš R6C4	2026-04-22 14:59:59.088705+00	2026-04-22 14:59:59.088822+00
7	7	4	Ceļš R7C4	2026-04-22 15:00:00.821245+00	2026-04-22 15:00:00.821339+00
8	8	4	Ceļš R8C4	2026-04-22 15:00:02.625705+00	2026-04-22 15:00:02.625841+00
9	9	4	Ceļš R9C4	2026-04-22 15:00:04.375698+00	2026-04-22 15:00:04.375774+00
10	10	4	Ceļš R10C4	2026-04-22 15:00:07.3431+00	2026-04-22 15:00:07.343207+00
11	1	3	Ceļš R1C3	2026-04-22 15:00:43.126801+00	2026-04-22 15:00:43.126897+00
12	2	3	Ceļš R2C3	2026-04-22 15:00:47.071561+00	2026-04-22 15:00:47.071648+00
13	4	3	Ceļš R4C3	2026-04-22 15:00:49.893248+00	2026-04-22 15:00:49.893336+00
14	3	3	Ceļš R3C3	2026-04-22 15:00:52.078589+00	2026-04-22 15:00:52.078731+00
15	5	3	Ceļš R5C3	2026-04-22 15:00:54.693962+00	2026-04-22 15:00:54.694041+00
16	6	3	Ceļš R6C3	2026-04-22 15:02:31.910841+00	2026-04-22 15:02:31.910926+00
17	7	3	Ceļš R7C3	2026-04-22 15:02:33.664734+00	2026-04-22 15:02:33.66483+00
18	8	3	Ceļš R8C3	2026-04-22 15:02:35.503359+00	2026-04-22 15:02:35.503434+00
19	9	3	Ceļš R9C3	2026-05-10 21:47:05.650582+00	2026-05-10 21:47:05.650838+00
20	10	3	Ceļš R10C3	2026-05-10 21:47:09.210287+00	2026-05-10 21:47:09.210376+00
21	1	8	Ceļš R1C8	2026-05-12 13:22:30.222737+00	2026-05-12 13:22:30.222988+00
22	2	8	Ceļš R2C8	2026-05-12 13:22:32.686743+00	2026-05-12 13:22:32.686836+00
23	3	8	Ceļš R3C8	2026-05-12 13:22:34.007589+00	2026-05-12 13:22:34.007721+00
24	4	8	Ceļš R4C8	2026-05-12 13:22:35.568217+00	2026-05-12 13:22:35.568304+00
25	5	8	Ceļš R5C8	2026-05-12 13:22:37.174506+00	2026-05-12 13:22:37.174624+00
26	6	8	Ceļš R6C8	2026-05-12 13:22:38.655111+00	2026-05-12 13:22:38.655231+00
27	7	8	Ceļš R7C8	2026-05-12 13:22:40.215851+00	2026-05-12 13:22:40.215936+00
28	8	8	Ceļš R8C8	2026-05-12 13:22:41.737576+00	2026-05-12 13:22:41.73768+00
29	9	8	Ceļš R9C8	2026-05-12 13:22:43.278031+00	2026-05-12 13:22:43.278115+00
30	10	8	Ceļš R10C8	2026-05-12 13:22:44.89453+00	2026-05-12 13:22:44.89462+00
31	10	9	Ceļš R10C9	2026-05-12 13:22:46.607607+00	2026-05-12 13:22:46.607714+00
32	9	9	Ceļš R9C9	2026-05-12 18:34:41.985613+00	2026-05-12 18:34:41.98577+00
33	7	9	Ceļš R7C9	2026-05-12 18:34:44.544465+00	2026-05-12 18:34:44.54456+00
34	8	9	Ceļš R8C9	2026-05-12 18:34:46.588398+00	2026-05-12 18:34:46.588572+00
35	6	9	Ceļš R6C9	2026-05-12 18:34:49.23105+00	2026-05-12 18:34:49.231142+00
36	4	9	Ceļš R4C9	2026-05-12 18:34:51.55607+00	2026-05-12 18:34:51.556185+00
37	5	9	Ceļš R5C9	2026-05-12 18:34:53.353717+00	2026-05-12 18:34:53.353854+00
38	3	9	Ceļš R3C9	2026-05-12 18:34:54.949677+00	2026-05-12 18:34:54.949757+00
39	2	9	Ceļš R2C9	2026-05-12 18:34:56.520977+00	2026-05-12 18:34:56.52108+00
40	1	9	Ceļš R1C9	2026-05-12 18:34:57.987773+00	2026-05-12 18:34:57.987901+00
\.


--
-- Data for Name: plants; Type: TABLE DATA; Schema: public; Owner: irrigation_user
--

COPY public.plants (id, name, variety, planting_date, watering_frequency, watering_duration, water_amount_ml, harvest_date_estimate, harvest_quantity_estimate, location_row, location_column, location_description, notes, active, created_at, updated_at) FROM stdin;
plant_1776869285_5fc5ab93	pirmais	labaka	2026-04-22	24	30	500	2026-07-22	\N	1	1			t	2026-04-22 14:48:05.162367	2026-04-22 14:48:05.162567
plant_1776869311_9e0bb2c4	otr	Otrais	2026-04-22	24	30	500	2026-07-22	\N	2	1			t	2026-04-22 14:48:31.472762	2026-04-22 14:48:31.472907
plant_1776869336_6b748524	pirm	pirm	2026-04-22	24	30	500	2026-07-22	\N	1	5			t	2026-04-22 14:48:56.871823	2026-04-22 14:48:56.872005
plant_1776870073_5c89e4d9	augs	augs	2026-04-22	24	30	500	2026-07-22	\N	2	6			t	2026-04-22 15:01:13.628236	2026-04-22 15:01:13.628411
plant_1776870106_cff1e3bf	augs		2026-04-22	24	30	500	2026-07-22	\N	3	2			t	2026-04-22 15:01:46.311375	2026-04-22 15:01:46.311534
plant_1776870116_44ab9c78	augs		2026-04-22	24	30	500	2026-07-22	\N	5	1			t	2026-04-22 15:01:56.710099	2026-04-22 15:01:56.710251
plant_1776870127_8b6b7bc6	augs		2026-04-22	24	30	500	2026-07-22	\N	3	5			t	2026-04-22 15:02:07.886189	2026-04-22 15:02:07.886333
plant_1776870166_490bf298	augs		2026-04-22	24	30	500	2026-07-22	\N	7	2			t	2026-04-22 15:02:46.511557	2026-04-22 15:02:46.511721
plant_1776870175_6f7fd5ae	augs		2026-04-22	24	30	500	2026-07-22	\N	5	6			t	2026-04-22 15:02:55.542444	2026-04-22 15:02:55.542604
plant_1776870185_37ef6524	augs		2026-04-22	24	30	500	2026-07-22	\N	7	5			t	2026-04-22 15:03:05.064737	2026-04-22 15:03:05.064894
plant_1778610912_18ad8d1d	augs		2026-05-12	24	30	500	2026-08-12	\N	3	10			t	2026-05-12 21:35:12.655921	2026-05-12 21:35:12.656153
\.


--
-- Data for Name: sensor_data; Type: TABLE DATA; Schema: public; Owner: irrigation_user
--

COPY public.sensor_data (id, device_name, topic, temperature, humidity, linkquality, battery, max_temperature, min_temperature, temperature_sensitivity, temperature_calibration, temperature_sampling, temperature_unit, humidity_calibration, soil_moisture, soil_calibration, soil_sampling, soil_warning, dry, raw_data, "timestamp", created_at) FROM stdin;
1	0xa4c138a5cfe7b9f0	\N	23.9	57	255	\N	\N	\N	\N	\N	\N	celsius	\N	\N	\N	\N	\N	\N	{"dry": true, "battery": 100, "humidity": 57, "linkquality": 255, "temperature": 23.9, "soil_warning": 20, "soil_moisture": 0, "soil_sampling": 30, "soil_calibration": 0, "temperature_unit": "celsius", "humidity_calibration": 0, "temperature_sampling": 30, "temperature_calibration": 0}	2026-05-12 12:00:00+00	2026-05-12 11:32:37.900268+00
\.


--
-- Data for Name: sensor_measurements; Type: TABLE DATA; Schema: public; Owner: irrigation_user
--

COPY public.sensor_measurements (id, device_name, topic, temperature, humidity, linkquality, battery, max_temperature, min_temperature, temperature_sensitivity, temperature_calibration, temperature_sampling, temperature_unit, humidity_calibration, soil_moisture, soil_calibration, soil_sampling, soil_warning, dry, raw_data, "timestamp", created_at) FROM stdin;
\.


--
-- Data for Name: watering_cycle; Type: TABLE DATA; Schema: public; Owner: irrigation_user
--

COPY public.watering_cycle (id, scheduled_time, duration, description, device, created_at, updated_at, status, executed_at, result, plan_id) FROM stdin;
cycle_1778447271_75ca7408	2026-05-13 18:00:00	120	\N	0x540f57fffe890af8	2026-05-11 00:07:51.265306	2026-05-11 00:07:51.265381	pending	\N	\N	plan_1778447271_1f97ad15
cycle_1778447271_1ad42992	2026-05-11 18:00:00	120	\N	0x540f57fffe890af8	2026-05-11 00:07:51.261074	2026-05-13 13:45:16.22332	failed	2026-05-12 10:09:45.352113	Execution window missed	\N
cycle_1778447271_067ff7ea	2026-05-12 18:00:00	120	\N	0x540f57fffe890af8	2026-05-11 00:07:51.264317	2026-05-13 13:45:17.045514	failed	2026-05-12 18:19:14.21583	Execution window missed	\N
cycle_1778447330_659273ce	2026-05-11 19:00:00	60	\N	0x540f57fffe890af8	2026-05-11 00:08:50.227075	2026-05-12 10:09:45.385642	failed	2026-05-12 10:09:45.376802	Execution window missed	plan_1778447330_f3e763d9
cycle_1778447330_c2482331	2026-05-13 19:00:00	60	\N	0x540f57fffe890af8	2026-05-11 00:08:50.229328	2026-05-11 13:54:02.465175	pending	\N	\N	plan_1778447330_f3e763d9
\.


--
-- Data for Name: watering_plans; Type: TABLE DATA; Schema: public; Owner: irrigation_user
--

COPY public.watering_plans (id, name, description, start_date, end_date, created_at, updated_at, active, greenhouse_config_id) FROM stdin;
plan_1778447271_1f97ad15	1.plāns	\N	2026-05-11	2026-05-13	2026-05-11 00:07:51.254477	2026-05-11 00:07:51.254705	t	1
plan_1778447330_f3e763d9	2.plāns	\N	2026-05-11	2026-05-15	2026-05-11 00:08:50.224141	2026-05-11 00:08:50.224275	t	2
\.


--
-- Name: chunk_constraint_name; Type: SEQUENCE SET; Schema: _timescaledb_catalog; Owner: irrigation_user
--

SELECT pg_catalog.setval('_timescaledb_catalog.chunk_constraint_name', 1, false);


--
-- Name: chunk_id_seq; Type: SEQUENCE SET; Schema: _timescaledb_catalog; Owner: irrigation_user
--

SELECT pg_catalog.setval('_timescaledb_catalog.chunk_id_seq', 1, true);


--
-- Name: continuous_agg_migrate_plan_step_step_id_seq; Type: SEQUENCE SET; Schema: _timescaledb_catalog; Owner: irrigation_user
--

SELECT pg_catalog.setval('_timescaledb_catalog.continuous_agg_migrate_plan_step_step_id_seq', 1, false);


--
-- Name: dimension_id_seq; Type: SEQUENCE SET; Schema: _timescaledb_catalog; Owner: irrigation_user
--

SELECT pg_catalog.setval('_timescaledb_catalog.dimension_id_seq', 2, true);


--
-- Name: dimension_slice_id_seq; Type: SEQUENCE SET; Schema: _timescaledb_catalog; Owner: irrigation_user
--

SELECT pg_catalog.setval('_timescaledb_catalog.dimension_slice_id_seq', 1, true);


--
-- Name: hypertable_id_seq; Type: SEQUENCE SET; Schema: _timescaledb_catalog; Owner: irrigation_user
--

SELECT pg_catalog.setval('_timescaledb_catalog.hypertable_id_seq', 2, true);


--
-- Name: bgw_job_id_seq; Type: SEQUENCE SET; Schema: _timescaledb_config; Owner: irrigation_user
--

SELECT pg_catalog.setval('_timescaledb_config.bgw_job_id_seq', 1000, false);


--
-- Name: auth_group_id_seq; Type: SEQUENCE SET; Schema: public; Owner: irrigation_user
--

SELECT pg_catalog.setval('public.auth_group_id_seq', 1, false);


--
-- Name: auth_group_permissions_id_seq; Type: SEQUENCE SET; Schema: public; Owner: irrigation_user
--

SELECT pg_catalog.setval('public.auth_group_permissions_id_seq', 1, false);


--
-- Name: auth_permission_id_seq; Type: SEQUENCE SET; Schema: public; Owner: irrigation_user
--

SELECT pg_catalog.setval('public.auth_permission_id_seq', 56, true);


--
-- Name: auth_user_groups_id_seq; Type: SEQUENCE SET; Schema: public; Owner: irrigation_user
--

SELECT pg_catalog.setval('public.auth_user_groups_id_seq', 1, false);


--
-- Name: auth_user_id_seq; Type: SEQUENCE SET; Schema: public; Owner: irrigation_user
--

SELECT pg_catalog.setval('public.auth_user_id_seq', 1, true);


--
-- Name: auth_user_user_permissions_id_seq; Type: SEQUENCE SET; Schema: public; Owner: irrigation_user
--

SELECT pg_catalog.setval('public.auth_user_user_permissions_id_seq', 1, false);


--
-- Name: devices_id_seq; Type: SEQUENCE SET; Schema: public; Owner: irrigation_user
--

SELECT pg_catalog.setval('public.devices_id_seq', 3, true);


--
-- Name: django_admin_log_id_seq; Type: SEQUENCE SET; Schema: public; Owner: irrigation_user
--

SELECT pg_catalog.setval('public.django_admin_log_id_seq', 1, false);


--
-- Name: django_content_type_id_seq; Type: SEQUENCE SET; Schema: public; Owner: irrigation_user
--

SELECT pg_catalog.setval('public.django_content_type_id_seq', 13, true);


--
-- Name: django_migrations_id_seq; Type: SEQUENCE SET; Schema: public; Owner: irrigation_user
--

SELECT pg_catalog.setval('public.django_migrations_id_seq', 30, true);


--
-- Name: greenhouse_config_id_seq; Type: SEQUENCE SET; Schema: public; Owner: irrigation_user
--

SELECT pg_catalog.setval('public.greenhouse_config_id_seq', 2, true);


--
-- Name: path_cells_id_seq; Type: SEQUENCE SET; Schema: public; Owner: irrigation_user
--

SELECT pg_catalog.setval('public.path_cells_id_seq', 40, true);


--
-- Name: sensor_data_id_seq; Type: SEQUENCE SET; Schema: public; Owner: irrigation_user
--

SELECT pg_catalog.setval('public.sensor_data_id_seq', 1, true);


--
-- Name: sensor_measurements_id_seq; Type: SEQUENCE SET; Schema: public; Owner: irrigation_user
--

SELECT pg_catalog.setval('public.sensor_measurements_id_seq', 256, true);


--
-- Name: auth_group auth_group_name_key; Type: CONSTRAINT; Schema: public; Owner: irrigation_user
--

ALTER TABLE ONLY public.auth_group
    ADD CONSTRAINT auth_group_name_key UNIQUE (name);


--
-- Name: auth_group_permissions auth_group_permissions_group_id_permission_id_0cd325b0_uniq; Type: CONSTRAINT; Schema: public; Owner: irrigation_user
--

ALTER TABLE ONLY public.auth_group_permissions
    ADD CONSTRAINT auth_group_permissions_group_id_permission_id_0cd325b0_uniq UNIQUE (group_id, permission_id);


--
-- Name: auth_group_permissions auth_group_permissions_pkey; Type: CONSTRAINT; Schema: public; Owner: irrigation_user
--

ALTER TABLE ONLY public.auth_group_permissions
    ADD CONSTRAINT auth_group_permissions_pkey PRIMARY KEY (id);


--
-- Name: auth_group auth_group_pkey; Type: CONSTRAINT; Schema: public; Owner: irrigation_user
--

ALTER TABLE ONLY public.auth_group
    ADD CONSTRAINT auth_group_pkey PRIMARY KEY (id);


--
-- Name: auth_permission auth_permission_content_type_id_codename_01ab375a_uniq; Type: CONSTRAINT; Schema: public; Owner: irrigation_user
--

ALTER TABLE ONLY public.auth_permission
    ADD CONSTRAINT auth_permission_content_type_id_codename_01ab375a_uniq UNIQUE (content_type_id, codename);


--
-- Name: auth_permission auth_permission_pkey; Type: CONSTRAINT; Schema: public; Owner: irrigation_user
--

ALTER TABLE ONLY public.auth_permission
    ADD CONSTRAINT auth_permission_pkey PRIMARY KEY (id);


--
-- Name: auth_user_groups auth_user_groups_pkey; Type: CONSTRAINT; Schema: public; Owner: irrigation_user
--

ALTER TABLE ONLY public.auth_user_groups
    ADD CONSTRAINT auth_user_groups_pkey PRIMARY KEY (id);


--
-- Name: auth_user_groups auth_user_groups_user_id_group_id_94350c0c_uniq; Type: CONSTRAINT; Schema: public; Owner: irrigation_user
--

ALTER TABLE ONLY public.auth_user_groups
    ADD CONSTRAINT auth_user_groups_user_id_group_id_94350c0c_uniq UNIQUE (user_id, group_id);


--
-- Name: auth_user auth_user_pkey; Type: CONSTRAINT; Schema: public; Owner: irrigation_user
--

ALTER TABLE ONLY public.auth_user
    ADD CONSTRAINT auth_user_pkey PRIMARY KEY (id);


--
-- Name: auth_user_user_permissions auth_user_user_permissions_pkey; Type: CONSTRAINT; Schema: public; Owner: irrigation_user
--

ALTER TABLE ONLY public.auth_user_user_permissions
    ADD CONSTRAINT auth_user_user_permissions_pkey PRIMARY KEY (id);


--
-- Name: auth_user_user_permissions auth_user_user_permissions_user_id_permission_id_14a6b632_uniq; Type: CONSTRAINT; Schema: public; Owner: irrigation_user
--

ALTER TABLE ONLY public.auth_user_user_permissions
    ADD CONSTRAINT auth_user_user_permissions_user_id_permission_id_14a6b632_uniq UNIQUE (user_id, permission_id);


--
-- Name: auth_user auth_user_username_key; Type: CONSTRAINT; Schema: public; Owner: irrigation_user
--

ALTER TABLE ONLY public.auth_user
    ADD CONSTRAINT auth_user_username_key UNIQUE (username);


--
-- Name: devices devices_pkey; Type: CONSTRAINT; Schema: public; Owner: irrigation_user
--

ALTER TABLE ONLY public.devices
    ADD CONSTRAINT devices_pkey PRIMARY KEY (id);


--
-- Name: django_admin_log django_admin_log_pkey; Type: CONSTRAINT; Schema: public; Owner: irrigation_user
--

ALTER TABLE ONLY public.django_admin_log
    ADD CONSTRAINT django_admin_log_pkey PRIMARY KEY (id);


--
-- Name: django_content_type django_content_type_app_label_model_76bd3d3b_uniq; Type: CONSTRAINT; Schema: public; Owner: irrigation_user
--

ALTER TABLE ONLY public.django_content_type
    ADD CONSTRAINT django_content_type_app_label_model_76bd3d3b_uniq UNIQUE (app_label, model);


--
-- Name: django_content_type django_content_type_pkey; Type: CONSTRAINT; Schema: public; Owner: irrigation_user
--

ALTER TABLE ONLY public.django_content_type
    ADD CONSTRAINT django_content_type_pkey PRIMARY KEY (id);


--
-- Name: django_migrations django_migrations_pkey; Type: CONSTRAINT; Schema: public; Owner: irrigation_user
--

ALTER TABLE ONLY public.django_migrations
    ADD CONSTRAINT django_migrations_pkey PRIMARY KEY (id);


--
-- Name: django_session django_session_pkey; Type: CONSTRAINT; Schema: public; Owner: irrigation_user
--

ALTER TABLE ONLY public.django_session
    ADD CONSTRAINT django_session_pkey PRIMARY KEY (session_key);


--
-- Name: greenhouse_config greenhouse_config_pkey; Type: CONSTRAINT; Schema: public; Owner: irrigation_user
--

ALTER TABLE ONLY public.greenhouse_config
    ADD CONSTRAINT greenhouse_config_pkey PRIMARY KEY (id);


--
-- Name: greenhouses greenhouses_pkey; Type: CONSTRAINT; Schema: public; Owner: irrigation_user
--

ALTER TABLE ONLY public.greenhouses
    ADD CONSTRAINT greenhouses_pkey PRIMARY KEY (id);


--
-- Name: watering_cycle irrigation_plans_pkey; Type: CONSTRAINT; Schema: public; Owner: irrigation_user
--

ALTER TABLE ONLY public.watering_cycle
    ADD CONSTRAINT irrigation_plans_pkey PRIMARY KEY (id);


--
-- Name: path_cells path_cells_pkey; Type: CONSTRAINT; Schema: public; Owner: irrigation_user
--

ALTER TABLE ONLY public.path_cells
    ADD CONSTRAINT path_cells_pkey PRIMARY KEY (id);


--
-- Name: path_cells path_cells_row_column_fce07728_uniq; Type: CONSTRAINT; Schema: public; Owner: irrigation_user
--

ALTER TABLE ONLY public.path_cells
    ADD CONSTRAINT path_cells_row_column_fce07728_uniq UNIQUE ("row", "column");


--
-- Name: plants plants_pkey; Type: CONSTRAINT; Schema: public; Owner: irrigation_user
--

ALTER TABLE ONLY public.plants
    ADD CONSTRAINT plants_pkey PRIMARY KEY (id);


--
-- Name: sensor_data sensor_data_pkey; Type: CONSTRAINT; Schema: public; Owner: irrigation_user
--

ALTER TABLE ONLY public.sensor_data
    ADD CONSTRAINT sensor_data_pkey PRIMARY KEY (id);


--
-- Name: devices unique_device_per_greenhouse; Type: CONSTRAINT; Schema: public; Owner: irrigation_user
--

ALTER TABLE ONLY public.devices
    ADD CONSTRAINT unique_device_per_greenhouse UNIQUE (greenhouse_id, zigbee_id);


--
-- Name: watering_plans watering_plans_pkey; Type: CONSTRAINT; Schema: public; Owner: irrigation_user
--

ALTER TABLE ONLY public.watering_plans
    ADD CONSTRAINT watering_plans_pkey PRIMARY KEY (id);


--
-- Name: _hyper_2_1_chunk_idx_sensor_measurements_device_ts; Type: INDEX; Schema: _timescaledb_internal; Owner: irrigation_user
--

CREATE INDEX _hyper_2_1_chunk_idx_sensor_measurements_device_ts ON _timescaledb_internal._hyper_2_1_chunk USING btree (device_name, "timestamp" DESC);


--
-- Name: _hyper_2_1_chunk_idx_sensor_measurements_ts; Type: INDEX; Schema: _timescaledb_internal; Owner: irrigation_user
--

CREATE INDEX _hyper_2_1_chunk_idx_sensor_measurements_ts ON _timescaledb_internal._hyper_2_1_chunk USING btree ("timestamp" DESC);


--
-- Name: auth_group_name_a6ea08ec_like; Type: INDEX; Schema: public; Owner: irrigation_user
--

CREATE INDEX auth_group_name_a6ea08ec_like ON public.auth_group USING btree (name varchar_pattern_ops);


--
-- Name: auth_group_permissions_group_id_b120cbf9; Type: INDEX; Schema: public; Owner: irrigation_user
--

CREATE INDEX auth_group_permissions_group_id_b120cbf9 ON public.auth_group_permissions USING btree (group_id);


--
-- Name: auth_group_permissions_permission_id_84c5c92e; Type: INDEX; Schema: public; Owner: irrigation_user
--

CREATE INDEX auth_group_permissions_permission_id_84c5c92e ON public.auth_group_permissions USING btree (permission_id);


--
-- Name: auth_permission_content_type_id_2f476e4b; Type: INDEX; Schema: public; Owner: irrigation_user
--

CREATE INDEX auth_permission_content_type_id_2f476e4b ON public.auth_permission USING btree (content_type_id);


--
-- Name: auth_user_groups_group_id_97559544; Type: INDEX; Schema: public; Owner: irrigation_user
--

CREATE INDEX auth_user_groups_group_id_97559544 ON public.auth_user_groups USING btree (group_id);


--
-- Name: auth_user_groups_user_id_6a12ed8b; Type: INDEX; Schema: public; Owner: irrigation_user
--

CREATE INDEX auth_user_groups_user_id_6a12ed8b ON public.auth_user_groups USING btree (user_id);


--
-- Name: auth_user_user_permissions_permission_id_1fbb5f2c; Type: INDEX; Schema: public; Owner: irrigation_user
--

CREATE INDEX auth_user_user_permissions_permission_id_1fbb5f2c ON public.auth_user_user_permissions USING btree (permission_id);


--
-- Name: auth_user_user_permissions_user_id_a95ead1b; Type: INDEX; Schema: public; Owner: irrigation_user
--

CREATE INDEX auth_user_user_permissions_user_id_a95ead1b ON public.auth_user_user_permissions USING btree (user_id);


--
-- Name: auth_user_username_6821ab7c_like; Type: INDEX; Schema: public; Owner: irrigation_user
--

CREATE INDEX auth_user_username_6821ab7c_like ON public.auth_user USING btree (username varchar_pattern_ops);


--
-- Name: devices_greenhouse_id_db3aca3d; Type: INDEX; Schema: public; Owner: irrigation_user
--

CREATE INDEX devices_greenhouse_id_db3aca3d ON public.devices USING btree (greenhouse_id);


--
-- Name: django_admin_log_content_type_id_c4bce8eb; Type: INDEX; Schema: public; Owner: irrigation_user
--

CREATE INDEX django_admin_log_content_type_id_c4bce8eb ON public.django_admin_log USING btree (content_type_id);


--
-- Name: django_admin_log_user_id_c564eba6; Type: INDEX; Schema: public; Owner: irrigation_user
--

CREATE INDEX django_admin_log_user_id_c564eba6 ON public.django_admin_log USING btree (user_id);


--
-- Name: django_session_expire_date_a5c62663; Type: INDEX; Schema: public; Owner: irrigation_user
--

CREATE INDEX django_session_expire_date_a5c62663 ON public.django_session USING btree (expire_date);


--
-- Name: django_session_session_key_c0390e0f_like; Type: INDEX; Schema: public; Owner: irrigation_user
--

CREATE INDEX django_session_session_key_c0390e0f_like ON public.django_session USING btree (session_key varchar_pattern_ops);


--
-- Name: idx_sensor_device_timestamp; Type: INDEX; Schema: public; Owner: irrigation_user
--

CREATE INDEX idx_sensor_device_timestamp ON public.sensor_data USING btree (device_name, "timestamp" DESC);


--
-- Name: idx_sensor_measurements_device_ts; Type: INDEX; Schema: public; Owner: irrigation_user
--

CREATE INDEX idx_sensor_measurements_device_ts ON public.sensor_measurements USING btree (device_name, "timestamp" DESC);


--
-- Name: idx_sensor_measurements_ts; Type: INDEX; Schema: public; Owner: irrigation_user
--

CREATE INDEX idx_sensor_measurements_ts ON public.sensor_measurements USING btree ("timestamp" DESC);


--
-- Name: idx_sensor_timestamp; Type: INDEX; Schema: public; Owner: irrigation_user
--

CREATE INDEX idx_sensor_timestamp ON public.sensor_data USING btree ("timestamp" DESC);


--
-- Name: ix_greenhouses_active; Type: INDEX; Schema: public; Owner: irrigation_user
--

CREATE INDEX ix_greenhouses_active ON public.greenhouses USING btree (active);


--
-- Name: ix_greenhouses_name; Type: INDEX; Schema: public; Owner: irrigation_user
--

CREATE INDEX ix_greenhouses_name ON public.greenhouses USING btree (name);


--
-- Name: ix_irrigation_plans_scheduled_time; Type: INDEX; Schema: public; Owner: irrigation_user
--

CREATE INDEX ix_irrigation_plans_scheduled_time ON public.watering_cycle USING btree (scheduled_time);


--
-- Name: ix_irrigation_plans_status; Type: INDEX; Schema: public; Owner: irrigation_user
--

CREATE INDEX ix_irrigation_plans_status ON public.watering_cycle USING btree (status);


--
-- Name: ix_plants_active; Type: INDEX; Schema: public; Owner: irrigation_user
--

CREATE INDEX ix_plants_active ON public.plants USING btree (active);


--
-- Name: ix_plants_name; Type: INDEX; Schema: public; Owner: irrigation_user
--

CREATE INDEX ix_plants_name ON public.plants USING btree (name);


--
-- Name: ix_plants_planting_date; Type: INDEX; Schema: public; Owner: irrigation_user
--

CREATE INDEX ix_plants_planting_date ON public.plants USING btree (planting_date);


--
-- Name: ix_watering_cycle_plan_id; Type: INDEX; Schema: public; Owner: irrigation_user
--

CREATE INDEX ix_watering_cycle_plan_id ON public.watering_cycle USING btree (plan_id);


--
-- Name: ix_watering_plans_active; Type: INDEX; Schema: public; Owner: irrigation_user
--

CREATE INDEX ix_watering_plans_active ON public.watering_plans USING btree (active);


--
-- Name: ix_watering_plans_name; Type: INDEX; Schema: public; Owner: irrigation_user
--

CREATE INDEX ix_watering_plans_name ON public.watering_plans USING btree (name);


--
-- Name: path_cells_row_294f35_idx; Type: INDEX; Schema: public; Owner: irrigation_user
--

CREATE INDEX path_cells_row_294f35_idx ON public.path_cells USING btree ("row", "column");


--
-- Name: watering_plans_greenhouse_config_id_16dd003a; Type: INDEX; Schema: public; Owner: irrigation_user
--

CREATE INDEX watering_plans_greenhouse_config_id_16dd003a ON public.watering_plans USING btree (greenhouse_config_id);


--
-- Name: sensor_measurements ts_insert_blocker; Type: TRIGGER; Schema: public; Owner: irrigation_user
--

CREATE TRIGGER ts_insert_blocker BEFORE INSERT ON public.sensor_measurements FOR EACH ROW EXECUTE FUNCTION _timescaledb_functions.insert_blocker();


--
-- Name: auth_group_permissions auth_group_permissio_permission_id_84c5c92e_fk_auth_perm; Type: FK CONSTRAINT; Schema: public; Owner: irrigation_user
--

ALTER TABLE ONLY public.auth_group_permissions
    ADD CONSTRAINT auth_group_permissio_permission_id_84c5c92e_fk_auth_perm FOREIGN KEY (permission_id) REFERENCES public.auth_permission(id) DEFERRABLE INITIALLY DEFERRED;


--
-- Name: auth_group_permissions auth_group_permissions_group_id_b120cbf9_fk_auth_group_id; Type: FK CONSTRAINT; Schema: public; Owner: irrigation_user
--

ALTER TABLE ONLY public.auth_group_permissions
    ADD CONSTRAINT auth_group_permissions_group_id_b120cbf9_fk_auth_group_id FOREIGN KEY (group_id) REFERENCES public.auth_group(id) DEFERRABLE INITIALLY DEFERRED;


--
-- Name: auth_permission auth_permission_content_type_id_2f476e4b_fk_django_co; Type: FK CONSTRAINT; Schema: public; Owner: irrigation_user
--

ALTER TABLE ONLY public.auth_permission
    ADD CONSTRAINT auth_permission_content_type_id_2f476e4b_fk_django_co FOREIGN KEY (content_type_id) REFERENCES public.django_content_type(id) DEFERRABLE INITIALLY DEFERRED;


--
-- Name: auth_user_groups auth_user_groups_group_id_97559544_fk_auth_group_id; Type: FK CONSTRAINT; Schema: public; Owner: irrigation_user
--

ALTER TABLE ONLY public.auth_user_groups
    ADD CONSTRAINT auth_user_groups_group_id_97559544_fk_auth_group_id FOREIGN KEY (group_id) REFERENCES public.auth_group(id) DEFERRABLE INITIALLY DEFERRED;


--
-- Name: auth_user_groups auth_user_groups_user_id_6a12ed8b_fk_auth_user_id; Type: FK CONSTRAINT; Schema: public; Owner: irrigation_user
--

ALTER TABLE ONLY public.auth_user_groups
    ADD CONSTRAINT auth_user_groups_user_id_6a12ed8b_fk_auth_user_id FOREIGN KEY (user_id) REFERENCES public.auth_user(id) DEFERRABLE INITIALLY DEFERRED;


--
-- Name: auth_user_user_permissions auth_user_user_permi_permission_id_1fbb5f2c_fk_auth_perm; Type: FK CONSTRAINT; Schema: public; Owner: irrigation_user
--

ALTER TABLE ONLY public.auth_user_user_permissions
    ADD CONSTRAINT auth_user_user_permi_permission_id_1fbb5f2c_fk_auth_perm FOREIGN KEY (permission_id) REFERENCES public.auth_permission(id) DEFERRABLE INITIALLY DEFERRED;


--
-- Name: auth_user_user_permissions auth_user_user_permissions_user_id_a95ead1b_fk_auth_user_id; Type: FK CONSTRAINT; Schema: public; Owner: irrigation_user
--

ALTER TABLE ONLY public.auth_user_user_permissions
    ADD CONSTRAINT auth_user_user_permissions_user_id_a95ead1b_fk_auth_user_id FOREIGN KEY (user_id) REFERENCES public.auth_user(id) DEFERRABLE INITIALLY DEFERRED;


--
-- Name: devices devices_greenhouse_id_db3aca3d_fk_greenhouse_config_id; Type: FK CONSTRAINT; Schema: public; Owner: irrigation_user
--

ALTER TABLE ONLY public.devices
    ADD CONSTRAINT devices_greenhouse_id_db3aca3d_fk_greenhouse_config_id FOREIGN KEY (greenhouse_id) REFERENCES public.greenhouse_config(id) DEFERRABLE INITIALLY DEFERRED;


--
-- Name: django_admin_log django_admin_log_content_type_id_c4bce8eb_fk_django_co; Type: FK CONSTRAINT; Schema: public; Owner: irrigation_user
--

ALTER TABLE ONLY public.django_admin_log
    ADD CONSTRAINT django_admin_log_content_type_id_c4bce8eb_fk_django_co FOREIGN KEY (content_type_id) REFERENCES public.django_content_type(id) DEFERRABLE INITIALLY DEFERRED;


--
-- Name: django_admin_log django_admin_log_user_id_c564eba6_fk_auth_user_id; Type: FK CONSTRAINT; Schema: public; Owner: irrigation_user
--

ALTER TABLE ONLY public.django_admin_log
    ADD CONSTRAINT django_admin_log_user_id_c564eba6_fk_auth_user_id FOREIGN KEY (user_id) REFERENCES public.auth_user(id) DEFERRABLE INITIALLY DEFERRED;


--
-- Name: watering_cycle watering_cycle_plan_id_fk; Type: FK CONSTRAINT; Schema: public; Owner: irrigation_user
--

ALTER TABLE ONLY public.watering_cycle
    ADD CONSTRAINT watering_cycle_plan_id_fk FOREIGN KEY (plan_id) REFERENCES public.watering_plans(id) ON DELETE SET NULL;


--
-- Name: watering_plans watering_plans_greenhouse_config_id_16dd003a_fk_greenhous; Type: FK CONSTRAINT; Schema: public; Owner: irrigation_user
--

ALTER TABLE ONLY public.watering_plans
    ADD CONSTRAINT watering_plans_greenhouse_config_id_16dd003a_fk_greenhous FOREIGN KEY (greenhouse_config_id) REFERENCES public.greenhouse_config(id) DEFERRABLE INITIALLY DEFERRED;


--
-- PostgreSQL database dump complete
--

